timestamp,x,y,z,vx,vy,vz,speed
5.8320,-0.3750,4.5750,0.0750,-0.0633,-0.0030,0.2240,0.2328
5.8320,0.9250,-0.7750,0.0750,-0.0094,-0.0082,-0.2369,0.2372
5.8320,-0.1250,-4.4250,0.0750,0.0612,-0.0058,0.3094,0.3154
5.8320,-0.6250,-4.4250,0.0750,0.0614,-0.0056,-0.2635,0.2706
5.8320,0.9250,2.6250,0.1750,0.0775,0.3109,-0.0044,0.3204
5.8320,0.9250,1.4750,0.1250,-0.0068,-0.0520,-0.3455,0.3495
5.8320,0.9250,1.2250,0.1250,-0.0066,-0.0415,-0.3046,0.3074
5.8320,0.9250,1.1250,0.1250,-0.0064,-0.0371,-0.2848,0.2873
5.8320,0.9250,1.0750,0.1250,-0.0064,-0.0337,-0.2695,0.2717
5.8320,0.9250,-2.4750,0.0250,-0.0583,-0.1161,0.1620,0.2076
5.8320,0.9250,-2.7750,0.0250,-0.0583,-0.1474,0.2891,0.3297
5.8320,0.9250,2.3250,0.1750,0.0763,0.2568,0.1034,0.2871
5.8320,0.9250,1.5750,0.1750,0.0113,0.0182,0.3250,0.3257
5.8320,0.9250,1.3750,0.1750,0.0004,-0.0359,-0.2565,0.2590
5.8320,0.9250,2.3250,0.2250,0.0111,0.0424,0.4016,0.4039
5.8320,0.9250,1.5750,0.2250,0.0148,0.0586,0.2029,0.2117
5.8320,0.9250,-2.2250,-0.0250,0.0592,0.2737,0.2586,0.3811
5.8320,0.9250,-2.4750,-0.0250,0.0626,0.2698,-0.1683,0.3240
5.8320,-0.7250,4.5750,0.3750,-0.2383,0.0109,0.0323,0.2407
5.8320,-0.3750,4.5750,0.3750,-0.2313,0.0105,0.3534,0.4225
5.8320,0.3250,4.5750,0.4250,-0.2034,-0.0050,-0.0603,0.2122
5.8320,0.4750,4.5750,0.4250,-0.2051,-0.0054,0.0611,0.2141
5.8320,0.6750,4.5750,0.4250,-0.2065,-0.0059,0.1833,0.2762
5.8320,-0.0250,4.5750,0.4250,-0.2276,0.0021,0.1218,0.2582
5.8320,0.9250,-1.6750,0.1250,-0.0676,0.1120,-0.1952,0.2350
5.8320,0.9250,2.3750,0.2750,0.0096,-0.0033,-0.2890,0.2892
5.8320,0.9250,-1.2750,0.1750,-0.0139,0.0186,-0.2627,0.2638
5.8320,0.9250,-1.8250,0.2250,-0.0032,-0.0169,0.2694,0.2700
5.8320,0.3750,-4.4250,0.1250,-0.0095,-0.0028,-0.2502,0.2504
5.8320,-1.3250,-4.4250,-0.0250,0.1455,-0.0197,0.2550,0.2943
5.8320,0.6750,4.5750,0.0250,-0.1159,0.0061,-0.3071,0.3283
5.8320,-0.6250,-4.4250,0.1750,0.0416,0.0064,0.2661,0.2694
5.8320,0.9250,1.3250,0.1250,0.0592,0.0441,-0.2156,0.2279
5.8320,0.7250,-4.4250,0.4250,0.2315,-0.0092,0.0054,0.2318
5.8320,-1.3250,-4.4250,0.1750,-0.0351,-0.0219,0.2356,0.2392
5.8320,0.9250,1.0250,0.1250,0.0110,0.0076,0.2671,0.2674
5.8320,0.9250,2.0750,0.0250,-0.0656,0.1192,-0.1855,0.2300
5.8320,0.9250,1.8750,0.0250,-0.0125,-0.0246,-0.3839,0.3849
5.8320,-0.6250,-4.4250,0.3750,0.1989,0.0135,-0.3141,0.3720
5.8320,-0.9750,-4.4250,0.3750,0.2075,0.0146,0.0008,0.2080
5.8320,0.9250,1.0250,0.0250,-0.0128,0.0061,-0.2174,0.2178
5.8320,-1.3250,-4.4250,0.4250,0.1933,0.0206,-0.1947,0.2751
5.8320,0.9250,1.7250,-0.0250,-0.0128,0.0312,-0.2404,0.2428
5.8320,0.9250,0.8750,0.0250,-0.0129,0.0027,-0.2123,0.2127
5.8320,0.9250,-3.1750,0.3750,-0.0136,0.2264,-0.0947,0.2458
5.8320,-0.4250,-4.4250,0.4750,0.0503,0.0045,-0.2173,0.2230
5.8320,-2.0750,-4.4250,0.4750,0.0131,0.0102,-0.3915,0.3919
5.8320,0.8750,-1.9750,0.2250,-0.0140,0.0462,-0.3072,0.3109
5.8320,0.2250,-4.4250,0.4250,0.2059,-0.0022,-0.0367,0.2091
5.8320,-0.2750,-4.4250,0.4250,0.2037,-0.0012,0.3166,0.3764
5.8320,-1.8750,-4.4250,0.4250,0.2130,0.0223,0.2487,0.3281
5.8320,-4.7750,1.5750,0.1750,0.0033,-0.0228,-0.2226,0.2238
5.8320,0.8750,-1.3750,0.1250,-0.0099,-0.0203,-0.3279,0.3287
5.8320,-0.2750,-4.4250,0.3250,0.1988,0.0059,-0.1107,0.2276
5.8320,-1.0750,4.5750,-0.0250,-0.1717,-0.0215,-0.3031,0.3490
5.8320,0.9250,2.6250,-0.0250,-0.0646,0.1918,0.0073,0.2025
5.8320,0.9250,1.9250,0.0250,0.0010,0.0343,-0.2083,0.2111
5.8320,-1.1250,-4.4250,0.2250,0.0905,0.0161,0.2066,0.2261
5.8320,0.1250,4.5750,0.1250,0.0100,-0.0067,-0.2853,0.2856
5.8320,-3.4250,3.8750,0.3750,0.0507,0.1039,-0.2653,0.2894
5.8320,-3.3250,4.0750,0.4250,-0.0917,-0.1929,-0.0996,0.2357
5.8320,0.9250,-1.6750,-0.0250,0.0414,0.1570,0.1259,0.2054
5.8320,-4.1250,2.6750,0.2750,0.0166,0.0271,-0.2500,0.2521
5.8320,0.9250,2.0750,0.2750,0.0150,0.0977,0.2087,0.2309
5.8320,0.9250,-0.7250,0.0750,0.0109,-0.0140,0.2341,0.2348
5.8320,0.9250,-1.3750,0.0250,0.0102,-0.0129,0.2878,0.2883
5.8320,0.9250,-1.4750,0.0250,0.0100,-0.0117,0.3008,0.3012
5.8320,-2.2750,4.5750,0.2250,0.1131,-0.0254,0.2255,0.2535
5.8320,0.5750,-4.4250,-0.0250,0.1692,0.0110,-0.1959,0.2591
5.8320,0.9250,-1.9750,0.2250,-0.0032,-0.0221,0.3016,0.3024
5.8320,-1.8750,-4.4250,0.1250,0.0050,-0.0291,0.3197,0.3211
5.8320,-0.1750,1.9750,-0.0750,-0.0062,-0.4115,0.0007,0.4116
5.8320,0.5250,1.9250,-0.0750,0.0661,0.3829,0.0009,0.3886
5.8320,0.9250,-3.1250,0.3250,-0.0153,0.1256,-0.3947,0.4145
5.8320,0.5750,-4.4250,0.4250,0.2074,-0.0028,-0.2739,0.3436
5.8320,0.9250,-1.4750,0.1250,-0.0100,-0.0232,-0.3482,0.3491
5.8320,-7.0250,-4.4750,0.7250,0.1827,0.0389,0.2256,0.2929
5.8320,-0.7750,-4.4250,0.2250,0.0859,0.0156,-0.1860,0.2055
5.8320,-2.5250,-4.4250,0.3250,0.1738,0.0352,0.2838,0.3346
5.8320,-4.0250,2.8750,0.4750,-0.0213,-0.0483,-0.4018,0.4053
5.8320,-2.5250,-4.4250,0.1250,0.0008,-0.0289,-0.2993,0.3007
5.8320,-3.2250,-4.4250,0.0750,0.0428,-0.0338,-0.2547,0.2605
5.8320,-1.4250,4.5750,0.4750,-0.0626,0.0061,0.2289,0.2374
5.8320,0.8750,1.7250,0.1750,0.0110,0.0215,0.3358,0.3366
5.8320,-1.4750,4.5750,0.4750,-0.0723,0.0014,-0.2595,0.2694
5.8320,-3.7250,3.3750,0.3750,0.0460,0.0978,0.1735,0.2044
5.8320,-2.4750,4.5250,0.0750,-0.0505,-0.0378,-0.2518,0.2596
5.8320,-1.2750,4.5750,-0.0250,-0.1744,-0.0214,-0.1020,0.2031
5.8320,-4.9250,1.2250,-0.0250,-0.0141,-0.0588,0.1943,0.2035
5.8320,-8.3750,-1.1250,0.4750,0.0051,-0.0263,0.2412,0.2427
5.8320,-4.6750,1.7250,0.1250,-0.0067,-0.0270,0.2523,0.2538
5.8320,-4.0250,2.8750,0.0250,-0.0488,-0.0653,0.1884,0.2053
5.8320,-3.4750,-4.4750,0.5750,0.0355,0.0113,-0.2031,0.2065
5.8320,-4.3750,2.2250,0.2750,0.0154,0.0279,0.2669,0.2688
5.8320,-3.7250,3.3750,0.1750,-0.0019,0.0270,0.2442,0.2457
5.8320,-2.9250,4.5250,0.0750,-0.0515,-0.0374,0.2005,0.2104
5.8320,-4.0750,-4.4750,0.4750,0.2048,0.0454,0.1453,0.2551
5.8320,-3.4250,3.8750,0.5250,-0.0306,-0.0639,-0.1942,0.2067
5.8320,0.3750,-1.9250,-0.0750,0.0229,-0.2156,0.0009,0.2169
5.8320,-0.7750,-1.7750,-0.0750,-0.0932,-0.2937,-0.0008,0.3082
5.8320,-3.5250,3.6750,-0.0250,-0.0827,-0.1039,-0.1746,0.2194
5.8320,-0.5750,4.5750,0.1250,-0.0071,-0.0123,-0.2251,0.2256
5.8320,-1.7250,0.8750,-0.0750,0.2854,-0.1619,0.0003,0.3282
5.8320,-1.4750,1.3250,-0.0750,-0.2897,0.1915,0.0063,0.3474
5.8320,-8.3750,1.0750,-0.0250,-0.0112,-0.0477,0.2027,0.2085
5.8320,-0.4750,1.9250,-0.0750,-0.1130,0.3033,0.0009,0.3237
5.8320,-5.1250,-4.4250,0.5750,0.1935,0.0446,0.0737,0.2118
5.8320,-1.9250,-0.6750,-0.0750,0.1978,0.0464,-0.0028,0.2032
5.8320,-1.9250,-0.1250,-0.0750,0.2225,0.0069,0.0022,0.2226
5.8320,-2.0250,0.3250,-0.0750,0.3299,-0.0808,0.0070,0.3397
5.8320,-1.9750,-2.9250,-0.0750,0.0097,-0.2196,-0.0181,0.2205
5.8320,-1.9250,-1.0250,-0.0750,-0.1633,-0.1266,-0.0010,0.2066
5.8320,-1.6250,1.2750,-0.0750,0.1142,-0.1682,0.0082,0.2035
5.8320,-1.9250,0.4750,-0.0750,-0.2312,0.0343,0.0065,0.2338
5.8320,-2.5250,0.7250,-0.0750,0.2350,-0.1234,0.0046,0.2655
6.8320,-0.3750,4.5750,0.0750,-0.0632,-0.0030,0.2240,0.2327
6.8320,0.9250,-0.7750,0.0750,-0.0096,-0.0081,-0.2368,0.2372
6.8320,-0.1250,-4.4250,0.0750,0.0612,-0.0058,0.3094,0.3155
6.8320,-0.6250,-4.4250,0.0750,0.0614,-0.0056,-0.2635,0.2706
6.8320,0.9250,2.6250,0.1750,0.0775,0.3109,-0.0043,0.3205
6.8320,0.9250,1.4750,0.1250,-0.0068,-0.0520,-0.3455,0.3494
6.8320,0.9250,1.2250,0.1250,-0.0066,-0.0415,-0.3045,0.3074
6.8320,0.9250,1.1250,0.1250,-0.0063,-0.0371,-0.2847,0.2872
6.8320,0.9250,1.0750,0.1250,-0.0063,-0.0337,-0.2695,0.2716
6.8320,0.9250,-2.4750,0.0250,-0.0582,-0.1163,0.1621,0.2078
6.8320,0.9250,-2.7750,0.0250,-0.0582,-0.1477,0.2892,0.3299
6.8320,0.9250,2.3250,0.1750,0.0763,0.2568,0.1034,0.2872
6.8320,0.9250,1.5750,0.1750,0.0114,0.0183,0.3251,0.3258
6.8320,0.9250,1.3750,0.1750,0.0004,-0.0359,-0.2564,0.2589
6.8320,0.9250,2.3250,0.2250,0.0111,0.0425,0.4016,0.4040
6.8320,0.9250,1.5750,0.2250,0.0148,0.0587,0.2030,0.2118
6.8320,0.9250,-2.2250,-0.0250,0.0592,0.2737,0.2588,0.3813
6.8320,0.9250,-2.4750,-0.0250,0.0626,0.2698,-0.1681,0.3240
6.8320,-0.7250,4.5750,0.3750,-0.2384,0.0109,0.0321,0.2408
6.8320,-0.3750,4.5750,0.3750,-0.2314,0.0105,0.3533,0.4224
6.8320,0.3250,4.5750,0.4250,-0.2034,-0.0049,-0.0604,0.2122
6.8320,0.4750,4.5750,0.4250,-0.2051,-0.0054,0.0611,0.2141
6.8320,0.6750,4.5750,0.4250,-0.2065,-0.0059,0.1833,0.2762
6.8320,-0.0250,4.5750,0.4250,-0.2277,0.0021,0.1217,0.2582
6.8320,0.9250,-1.6750,0.1250,-0.0677,0.1121,-0.1951,0.2350
6.8320,0.9250,2.3750,0.2750,0.0096,-0.0032,-0.2889,0.2891
6.8320,0.9250,-1.2750,0.1750,-0.0139,0.0187,-0.2626,0.2637
6.8320,0.9250,-1.8250,0.2250,-0.0032,-0.0170,0.2695,0.2701
6.8320,0.3750,-4.4250,0.1250,-0.0095,-0.0028,-0.2501,0.2503
6.8320,-1.3250,-4.4250,-0.0250,0.1455,-0.0197,0.2549,0.2942
6.8320,0.6750,4.5750,0.0250,-0.1159,0.0061,-0.3071,0.3283
6.8320,-0.6250,-4.4250,0.1750,0.0416,0.0065,0.2661,0.2694
6.8320,0.9250,1.3250,0.1250,0.0592,0.0442,-0.2155,0.2278
6.8320,0.7250,-4.4250,0.4250,0.2315,-0.0092,0.0055,0.2318
6.8320,-1.3250,-4.4250,0.1750,-0.0351,-0.0219,0.2355,0.2392
6.8320,0.9250,1.0250,0.1250,0.0110,0.0076,0.2672,0.2675
6.8320,0.9250,2.0750,0.0250,-0.0656,0.1192,-0.1854,0.2300
6.8320,0.9250,1.8750,0.0250,-0.0124,-0.0246,-0.3838,0.3848
6.8320,-0.6250,-4.4250,0.3750,0.1988,0.0135,-0.3141,0.3720
6.8320,-0.9750,-4.4250,0.3750,0.2074,0.0146,0.0008,0.2079
6.8320,0.9250,1.0250,0.0250,-0.0128,0.0061,-0.2173,0.2178
6.8320,-1.3250,-4.4250,0.4250,0.1933,0.0206,-0.1947,0.2751
6.8320,0.9250,1.7250,-0.0250,-0.0128,0.0312,-0.2404,0.2427
6.8320,0.9250,0.8750,0.0250,-0.0128,0.0027,-0.2122,0.2126
6.8320,0.9250,-3.1750,0.3750,-0.0136,0.2264,-0.0946,0.2457
6.8320,-0.4250,-4.4250,0.4750,0.0502,0.0045,-0.2172,0.2230
6.8320,-2.0750,-4.4250,0.4750,0.0130,0.0102,-0.3916,0.3920
6.8320,0.8750,-1.9750,0.2250,-0.0140,0.0462,-0.3071,0.3109
6.8320,0.2250,-4.4250,0.4250,0.2058,-0.0022,-0.0366,0.2091
6.8320,-0.2750,-4.4250,0.4250,0.2037,-0.0012,0.3166,0.3765
6.8320,-1.8750,-4.4250,0.4250,0.2129,0.0223,0.2486,0.3281
6.8320,-4.7750,1.5750,0.1750,0.0033,-0.0228,-0.2231,0.2243
6.8320,0.8750,-1.3750,0.1250,-0.0101,-0.0200,-0.3278,0.3286
6.8320,-0.2750,-4.4250,0.3250,0.1988,0.0059,-0.1106,0.2276
6.8320,-1.0750,4.5750,-0.0250,-0.1716,-0.0215,-0.3032,0.3491
6.8320,0.9250,2.6250,-0.0250,-0.0646,0.1918,0.0074,0.2025
6.8320,0.9250,1.9250,0.0250,0.0010,0.0343,-0.2082,0.2110
6.8320,-1.1250,-4.4250,0.2250,0.0905,0.0161,0.2065,0.2261
6.8320,0.1250,4.5750,0.1250,0.0100,-0.0066,-0.2854,0.2857
6.8320,-3.4250,3.8750,0.3750,0.0507,0.1039,-0.2657,0.2898
6.8320,0.8750,-1.9750,-0.0250,0.0054,-0.0396,-0.3390,0.3413
6.8320,-3.3250,4.0750,0.4250,-0.0912,-0.1936,-0.1002,0.2363
6.8320,0.9250,1.3250,0.1750,0.0128,0.0298,0.2585,0.2605
6.8320,-4.1250,2.6750,0.2750,0.0166,0.0271,-0.2505,0.2525
6.8320,0.9250,2.0750,0.2750,0.0150,0.0978,0.2088,0.2310
6.8320,0.9250,-0.7250,0.0750,0.0105,-0.0137,0.2342,0.2348
6.8320,0.9250,-1.3750,0.0250,0.0095,-0.0119,0.2880,0.2884
6.8320,0.9250,-1.4750,0.0250,0.0093,-0.0105,0.3010,0.3013
6.8320,-2.2750,4.5750,0.2250,0.1131,-0.0254,0.2253,0.2533
6.8320,0.5750,-4.4250,-0.0250,0.1692,0.0111,-0.1957,0.2590
6.8320,0.9250,-1.9750,0.2250,-0.0032,-0.0221,0.3017,0.3025
6.8320,-1.8750,-4.4250,0.1250,0.0050,-0.0291,0.3196,0.3210
6.8320,-0.1750,1.9750,-0.0750,-0.0062,-0.4120,0.0008,0.4121
6.8320,0.5250,1.9250,-0.0750,0.0695,0.3957,-0.0002,0.4017
6.8320,0.9250,-3.1250,0.3250,-0.0153,0.1256,-0.3946,0.4144
6.8320,0.5750,-4.4250,0.4250,0.2074,-0.0028,-0.2738,0.3435
6.8320,0.9250,-1.4750,0.1250,-0.0102,-0.0229,-0.3482,0.3491
6.8320,-7.0250,-4.4750,0.7250,0.1828,0.0390,0.2252,0.2926
6.8320,-0.7750,-4.4250,0.2250,0.0859,0.0156,-0.1860,0.2055
6.8320,-2.5250,-4.4250,0.3250,0.1738,0.0352,0.2836,0.3345
6.8320,-4.6750,1.7250,0.4750,-0.0128,-0.0303,-0.4149,0.4162
6.8320,-4.0250,2.8750,0.4750,-0.0213,-0.0483,-0.4024,0.4059
6.8320,-2.5250,-4.4250,0.1250,0.0009,-0.0289,-0.2996,0.3009
6.8320,-3.3250,4.0750,0.4750,-0.0875,-0.1766,-0.0755,0.2110
6.8320,-3.2250,-4.4250,0.0750,0.0428,-0.0339,-0.2550,0.2608
6.8320,-2.9250,4.5250,0.5250,-0.0935,0.0039,-0.3048,0.3188
6.8320,-1.8250,4.5750,0.4750,-0.0387,0.0077,0.4008,0.4028
6.8320,-1.4250,4.5750,0.4750,-0.0626,0.0061,0.2286,0.2371
6.8320,0.8750,1.7250,0.1750,0.0111,0.0215,0.3358,0.3367
6.8320,-2.4750,4.5750,0.5250,-0.0884,0.0039,-0.2143,0.2319
6.8320,-1.4750,4.5750,0.4750,-0.0724,0.0014,-0.2598,0.2697
6.8320,-3.7250,3.3750,0.3750,0.0460,0.0978,0.1731,0.2041
6.8320,-2.4750,4.5250,0.0750,-0.0505,-0.0378,-0.2521,0.2598
6.8320,-1.2750,4.5750,-0.0250,-0.1743,-0.0214,-0.1021,0.2032
6.8320,-4.9250,1.2250,-0.0250,-0.0141,-0.0588,0.1939,0.2031
6.8320,-8.3750,-1.1250,0.4750,0.0050,-0.0263,0.2404,0.2419
6.8320,-4.6750,1.7250,0.1250,-0.0067,-0.0270,0.2518,0.2533
6.8320,-4.0250,2.8750,0.0250,-0.0488,-0.0653,0.1880,0.2049
6.8320,0.7750,1.8250,-0.0750,-0.1642,-0.2965,-0.0003,0.3390
6.8320,-3.4750,-4.4750,0.5750,0.0355,0.0113,-0.2033,0.2067
6.8320,-4.3750,2.2250,0.2750,0.0154,0.0279,0.2665,0.2684
6.8320,-3.7250,3.3750,0.1750,-0.0019,0.0270,0.2439,0.2454
6.8320,-2.9250,4.5250,0.0750,-0.0515,-0.0374,0.2002,0.2101
6.8320,-4.0750,-4.4750,0.4750,0.2048,0.0454,0.1450,0.2550
6.8320,-3.4250,3.8750,0.5250,-0.0306,-0.0640,-0.1948,0.2073
6.8320,-0.7750,-1.7750,-0.0750,-0.0925,-0.2922,-0.0007,0.3065
6.8320,-3.5250,3.6750,-0.0250,-0.0826,-0.1039,-0.1750,0.2196
6.8320,-0.5750,4.5750,0.1250,-0.0071,-0.0123,-0.2252,0.2257
6.8320,-1.7250,0.8750,-0.0750,0.2856,-0.1620,0.0002,0.3284
6.8320,-1.4750,1.3250,-0.0750,-0.2884,0.1904,0.0063,0.3457
6.8320,-8.3750,1.0750,-0.0250,-0.0111,-0.0477,0.2018,0.2077
6.8320,-0.4750,1.9250,-0.0750,-0.1128,0.3026,0.0009,0.3230
6.8320,-5.1250,-4.4250,0.5750,0.1935,0.0446,0.0734,0.2117
6.8320,-1.9250,-0.6750,-0.0750,0.1976,0.0463,-0.0030,0.2030
6.8320,-1.9250,-0.1250,-0.0750,0.2225,0.0069,0.0020,0.2226
6.8320,-2.0250,0.3250,-0.0750,0.3301,-0.0808,0.0068,0.3399
6.8320,-1.6250,1.2750,-0.0750,0.1159,-0.1695,0.0082,0.2055
6.8320,-1.9250,0.4750,-0.0750,-0.2311,0.0343,0.0063,0.2337
6.8320,-2.5250,0.7250,-0.0750,0.2353,-0.1235,0.0044,0.2657
7.8320,-0.3750,4.5750,0.0750,-0.0632,-0.0030,0.2240,0.2327
7.8320,0.9250,-0.7750,0.0750,-0.0096,-0.0081,-0.2368,0.2372
7.8320,-0.1250,-4.4250,0.0750,0.0612,-0.0058,0.3094,0.3155
7.8320,-0.6250,-4.4250,0.0750,0.0614,-0.0056,-0.2635,0.2706
7.8320,0.9250,2.6250,0.1750,0.0775,0.3109,-0.0043,0.3205
7.8320,0.9250,1.4750,0.1250,-0.0068,-0.0520,-0.3455,0.3494
7.8320,0.9250,1.2250,0.1250,-0.0066,-0.0415,-0.3045,0.3074
7.8320,0.9250,1.1250,0.1250,-0.0064,-0.0371,-0.2847,0.2872
7.8320,0.9250,1.0750,0.1250,-0.0064,-0.0337,-0.2695,0.2716
7.8320,0.9250,-2.4750,0.0250,-0.0582,-0.1163,0.1621,0.2078
7.8320,0.9250,-2.7750,0.0250,-0.0582,-0.1477,0.2892,0.3299
7.8320,0.9250,2.3250,0.1750,0.0763,0.2568,0.1034,0.2872
7.8320,0.9250,1.5750,0.1750,0.0114,0.0183,0.3251,0.3258
7.8320,0.9250,1.3750,0.1750,0.0004,-0.0359,-0.2564,0.2589
7.8320,0.3250,4.5750,0.3750,-0.2198,-0.0064,-0.0782,0.2334
7.8320,0.9250,2.3250,0.2250,0.0111,0.0425,0.4016,0.4040
7.8320,0.9250,1.5750,0.2250,0.0148,0.0587,0.2030,0.2118
7.8320,0.9250,-2.2250,-0.0250,0.0601,0.2715,0.2587,0.3798
7.8320,0.9250,-2.4750,-0.0250,0.0636,0.2672,-0.1682,0.3221
7.8320,-0.7250,4.5750,0.3750,-0.2384,0.0109,0.0321,0.2408
7.8320,-0.3750,4.5750,0.3750,-0.2314,0.0105,0.3533,0.4224
7.8320,0.3250,4.5750,0.4250,-0.2034,-0.0049,-0.0604,0.2122
7.8320,0.4750,4.5750,0.4250,-0.2051,-0.0054,0.0611,0.2141
7.8320,0.6750,4.5750,0.4250,-0.2065,-0.0059,0.1833,0.2762
7.8320,0.8750,3.4250,0.3750,0.0162,0.2446,0.0523,0.2506
7.8320,0.9250,2.6750,0.3250,0.0120,0.0599,-0.2098,0.2186
7.8320,-0.3750,4.5750,0.4250,-0.2138,0.0081,0.2672,0.3423
7.8320,-0.0250,4.5750,0.4250,-0.2277,0.0021,0.1217,0.2582
7.8320,-0.2750,-1.9250,-0.0750,-0.0127,-0.3527,0.0008,0.3529
7.8320,0.9250,-1.6750,0.1250,-0.0677,0.1121,-0.1951,0.2350
7.8320,0.9250,2.3750,0.2750,0.0096,-0.0032,-0.2889,0.2891
7.8320,0.9250,-1.2750,0.1750,-0.0139,0.0187,-0.2626,0.2637
7.8320,0.9250,-1.8250,0.2250,-0.0032,-0.0170,0.2695,0.2701
7.8320,0.3750,-4.4250,0.1250,-0.0095,-0.0028,-0.2501,0.2503
7.8320,-1.3250,-4.4250,-0.0250,0.1456,-0.0197,0.2549,0.2942
7.8320,0.6750,4.5750,0.0250,-0.1159,0.0061,-0.3071,0.3283
7.8320,-0.6250,-4.4250,0.1750,0.0416,0.0065,0.2661,0.2694
7.8320,0.9250,1.3250,0.1250,0.0592,0.0442,-0.2155,0.2278
7.8320,0.7250,-4.4250,0.4250,0.2315,-0.0092,0.0055,0.2318
7.8320,-1.3250,-4.4250,0.1750,-0.0351,-0.0219,0.2355,0.2392
7.8320,0.9250,1.0250,0.1250,0.0111,0.0076,0.2672,0.2675
7.8320,0.9250,2.0750,0.0250,-0.0656,0.1192,-0.1854,0.2300
7.8320,0.9250,1.8750,0.0250,-0.0124,-0.0246,-0.3838,0.3848
7.8320,-0.6250,-4.4250,0.3750,0.1988,0.0135,-0.3141,0.3720
7.8320,-0.9750,-4.4250,0.3750,0.2074,0.0146,0.0008,0.2079
7.8320,0.9250,1.0250,0.0250,-0.0128,0.0061,-0.2173,0.2178
7.8320,-1.3250,-4.4250,0.4250,0.1933,0.0206,-0.1947,0.2751
7.8320,0.9250,1.7250,-0.0250,-0.0128,0.0312,-0.2404,0.2427
7.8320,0.9250,0.8750,0.0250,-0.0128,0.0027,-0.2122,0.2126
7.8320,0.9250,-3.1750,0.3750,-0.0136,0.2264,-0.0946,0.2457
7.8320,-0.4250,-4.4250,0.4750,0.0502,0.0045,-0.2172,0.2230
7.8320,-2.0750,-4.4250,0.4750,0.0130,0.0102,-0.3916,0.3919
7.8320,0.8750,-1.9750,0.2250,-0.0140,0.0462,-0.3071,0.3109
7.8320,0.2250,-4.4250,0.4250,0.2058,-0.0022,-0.0366,0.2091
7.8320,-0.2750,-4.4250,0.4250,0.2037,-0.0012,0.3166,0.3765
7.8320,-1.8750,-4.4250,0.4250,0.2129,0.0223,0.2486,0.3281
7.8320,-4.7750,1.5750,0.1750,0.0033,-0.0228,-0.2231,0.2243
7.8320,0.8750,-1.3750,0.1250,-0.0101,-0.0200,-0.3278,0.3286
7.8320,-0.2750,-4.4250,0.3250,0.1988,0.0059,-0.1106,0.2276
7.8320,-1.0750,4.5750,-0.0250,-0.1716,-0.0215,-0.3032,0.3491
7.8320,0.9250,2.6250,-0.0250,-0.0646,0.1918,0.0074,0.2025
7.8320,0.9250,1.9250,0.0250,0.0010,0.0343,-0.2082,0.2110
7.8320,-1.1250,-4.4250,0.2250,0.0905,0.0161,0.2065,0.2261
7.8320,0.1250,4.5750,0.1250,0.0100,-0.0066,-0.2854,0.2857
7.8320,0.9250,-1.0250,0.0250,0.0122,-0.0001,0.2230,0.2233
7.8320,-3.4250,3.8750,0.3750,0.0507,0.1039,-0.2657,0.2898
7.8320,0.8750,-1.9750,-0.0250,0.0054,-0.0396,-0.3390,0.3413
7.8320,-3.3250,4.0750,0.4250,-0.0912,-0.1936,-0.1002,0.2363
7.8320,-1.2750,4.5750,0.4250,-0.2465,0.0159,0.0812,0.2600
7.8320,-1.0750,4.5750,0.4250,-0.2403,0.0159,0.2265,0.3306
7.8320,0.9250,1.3250,0.1750,0.0128,0.0298,0.2585,0.2605
7.8320,0.9250,-1.0750,0.0250,0.0120,0.0018,0.2291,0.2294
7.8320,-0.7250,4.5750,0.4250,-0.2201,0.0084,0.0253,0.2217
7.8320,0.9250,-1.7750,-0.0250,0.0115,0.0253,0.2595,0.2609
7.8320,-4.1250,2.6750,0.2750,0.0166,0.0271,-0.2505,0.2525
7.8320,-0.2250,4.5750,0.4750,-0.0572,-0.0027,-0.2385,0.2453
7.8320,0.9250,2.0750,0.2750,0.0150,0.0978,0.2088,0.2310
7.8320,0.9250,3.0250,0.3750,0.0171,0.1968,0.0695,0.2094
7.8320,0.9250,-0.7250,0.0750,0.0109,-0.0140,0.2342,0.2349
7.8320,0.9250,-1.3750,0.0250,0.0102,-0.0129,0.2880,0.2884
7.8320,0.9250,-1.4750,0.0250,0.0100,-0.0117,0.3010,0.3014
7.8320,-2.2750,4.5750,0.2250,0.1131,-0.0254,0.2253,0.2533
7.8320,0.9250,-1.9750,0.0250,0.0075,-0.0443,0.3970,0.3995
7.8320,0.5750,-4.4250,-0.0250,0.1692,0.0111,-0.1957,0.2590
7.8320,0.9250,-1.9750,0.2250,-0.0032,-0.0221,0.3017,0.3025
7.8320,-1.8750,-4.4250,0.1250,0.0050,-0.0291,0.3196,0.3210
7.8320,-0.1750,1.9750,-0.0750,-0.0062,-0.4120,0.0008,0.4121
7.8320,0.5250,1.9250,-0.0750,0.0695,0.3957,-0.0002,0.4018
7.8320,0.9250,-3.1250,0.3250,-0.0153,0.1256,-0.3946,0.4144
7.8320,0.5750,-4.4250,0.4250,0.2074,-0.0028,-0.2738,0.3435
7.8320,0.9250,-1.4750,0.1250,-0.0102,-0.0229,-0.3482,0.3491
7.8320,-7.0250,-4.4750,0.7250,0.1827,0.0389,0.2252,0.2926
7.8320,-0.7750,-4.4250,0.2250,0.0859,0.0156,-0.1860,0.2055
7.8320,-2.5250,-4.4250,0.3250,0.1738,0.0352,0.2836,0.3345
7.8320,-4.6750,1.7250,0.4750,-0.0128,-0.0303,-0.4149,0.4162
7.8320,-4.0250,2.8750,0.4750,-0.0213,-0.0483,-0.4024,0.4059
7.8320,-2.5250,-4.4250,0.1250,0.0009,-0.0289,-0.2996,0.3009
7.8320,-3.3250,4.0750,0.4750,-0.0876,-0.1765,-0.0755,0.2110
7.8320,-3.2250,-4.4250,0.0750,0.0428,-0.0339,-0.2550,0.2608
7.8320,-2.9250,4.5250,0.5250,-0.0935,0.0039,-0.3048,0.3188
7.8320,-1.8250,4.5750,0.4750,-0.0387,0.0077,0.4008,0.4028
7.8320,-1.4250,4.5750,0.4750,-0.0626,0.0061,0.2286,0.2371
7.8320,0.8750,1.7250,0.1750,0.0110,0.0215,0.3358,0.3367
7.8320,-2.4750,4.5750,0.5250,-0.0884,0.0039,-0.2143,0.2319
7.8320,-1.4750,4.5750,0.4750,-0.0724,0.0015,-0.2598,0.2697
7.8320,-3.7250,3.3750,0.3750,0.0460,0.0978,0.1731,0.2041
7.8320,0.0250,-2.0750,-0.0750,0.1028,0.3236,-0.0047,0.3396
7.8320,-0.2750,-2.6250,-0.0750,0.1931,0.1859,-0.0209,0.2689
7.8320,-2.4750,4.5250,0.0750,-0.0505,-0.0378,-0.2521,0.2598
7.8320,-1.2750,4.5750,-0.0250,-0.1743,-0.0214,-0.1021,0.2032
7.8320,-4.9250,1.2250,-0.0250,-0.0141,-0.0588,0.1939,0.2031
7.8320,-8.3750,-3.2750,0.3250,-0.0194,0.0182,-0.2186,0.2202
7.8320,-8.3750,-1.1250,0.4750,0.0050,-0.0263,0.2404,0.2419
7.8320,-4.6750,1.7250,0.1250,-0.0067,-0.0270,0.2518,0.2533
7.8320,-4.0250,2.8750,0.0250,-0.0488,-0.0653,0.1880,0.2049
7.8320,0.7750,1.8250,-0.0750,-0.1642,-0.2965,-0.0003,0.3389
7.8320,-3.4750,-4.4750,0.5750,0.0355,0.0113,-0.2033,0.2066
7.8320,-4.3750,2.2250,0.2750,0.0154,0.0279,0.2665,0.2684
7.8320,-3.7250,3.3750,0.1750,-0.0019,0.0270,0.2439,0.2454
7.8320,-2.9250,4.5250,0.0750,-0.0515,-0.0375,0.2002,0.2101
7.8320,-4.0750,-4.4750,0.4750,0.2047,0.0454,0.1451,0.2550
7.8320,-3.4250,3.8750,0.5250,-0.0306,-0.0640,-0.1947,0.2073
7.8320,-0.7750,-1.7750,-0.0750,-0.0926,-0.2922,-0.0007,0.3065
7.8320,-3.5250,3.6750,-0.0250,-0.0826,-0.1039,-0.1750,0.2196
7.8320,-0.5750,4.5750,0.1250,-0.0071,-0.0123,-0.2252,0.2257
7.8320,-1.7250,0.8750,-0.0750,0.2857,-0.1620,0.0002,0.3284
7.8320,-1.4750,1.3250,-0.0750,-0.2885,0.1904,0.0063,0.3457
7.8320,-8.3750,1.0750,-0.0250,-0.0111,-0.0477,0.2018,0.2077
7.8320,-0.4750,1.9250,-0.0750,-0.1128,0.3026,0.0009,0.3230
7.8320,-5.1250,-4.4250,0.5750,0.1935,0.0446,0.0734,0.2117
7.8320,-0.7250,-2.0750,-0.0750,0.0041,-0.3375,-0.0055,0.3376
7.8320,-1.9250,-0.6750,-0.0750,0.1976,0.0463,-0.0030,0.2030
7.8320,-1.9250,-0.1250,-0.0750,0.2225,0.0069,0.0020,0.2226
7.8320,-2.0250,0.3250,-0.0750,0.3301,-0.0808,0.0068,0.3399
7.8320,-1.9750,-2.9250,-0.0750,0.0135,-0.2141,-0.0179,0.2153
7.8320,-1.6250,1.2750,-0.0750,0.1159,-0.1695,0.0082,0.2055
7.8320,-1.9250,0.4750,-0.0750,-0.2311,0.0343,0.0063,0.2337
7.8320,-2.5250,0.7250,-0.0750,0.2353,-0.1235,0.0044,0.2657
8.8320,-1.0750,4.5750,0.0750,-0.0601,-0.0216,-0.2999,0.3066
8.8320,0.9250,1.7250,0.0750,-0.0095,-0.0487,-0.3864,0.3895
8.8320,0.9250,1.5750,0.0750,-0.0095,-0.0447,-0.3683,0.3711
8.8320,0.9250,-0.7750,0.0750,-0.0096,-0.0081,-0.2368,0.2372
8.8320,0.9250,-0.9250,0.0750,-0.0063,-0.0166,-0.2543,0.2549
8.8320,-0.1250,-4.4250,0.0750,0.0612,-0.0058,0.3094,0.3155
8.8320,-0.6250,-4.4250,0.0750,0.0614,-0.0056,-0.2635,0.2706
8.8320,-1.3250,-4.4250,0.0750,0.0542,-0.0214,0.2512,0.2579
8.8320,-2.9250,4.5250,0.1750,0.0722,-0.0333,0.1856,0.2019
8.8320,-0.3750,4.5750,0.1750,-0.0457,0.0033,-0.2263,0.2309
8.8320,0.9250,2.6250,0.1750,0.0775,0.3109,-0.0043,0.3205
8.8320,0.9250,2.0750,0.1250,0.0710,0.1415,-0.1381,0.2101
8.8320,0.9250,1.4750,0.1250,-0.0068,-0.0520,-0.3455,0.3494
8.8320,0.9250,1.2250,0.1250,-0.0066,-0.0415,-0.3045,0.3074
8.8320,0.9250,1.1250,0.1250,-0.0064,-0.0371,-0.2847,0.2872
8.8320,0.9250,1.0750,0.1250,-0.0064,-0.0337,-0.2695,0.2716
8.8320,-4.1250,2.6750,0.1750,-0.0011,-0.0029,-0.2847,0.2847
8.8320,0.9250,2.3250,0.1750,0.0763,0.2568,0.1034,0.2872
8.8320,0.9250,1.5750,0.1750,0.0114,0.0183,0.3251,0.3258
8.8320,0.9250,1.3750,0.1750,0.0004,-0.0359,-0.2564,0.2589
8.8320,0.3250,4.5750,0.3750,-0.2198,-0.0064,-0.0782,0.2334
8.8320,0.9250,2.3250,0.2250,0.0111,0.0425,0.4016,0.4040
8.8320,0.9250,2.1250,0.2250,0.0044,-0.0485,-0.3413,0.3447
8.8320,0.9250,1.9250,0.2250,0.0042,-0.0390,-0.3040,0.3065
8.8320,0.9250,1.5750,0.2250,0.0148,0.0587,0.2030,0.2118
8.8320,0.9250,-2.2250,-0.0250,0.0601,0.2715,0.2587,0.3798
8.8320,0.9250,-2.4750,-0.0250,0.0636,0.2672,-0.1682,0.3221
8.8320,-0.7250,4.5750,0.3750,-0.2384,0.0109,0.0321,0.2408
8.8320,-0.3750,4.5750,0.3750,-0.2314,0.0105,0.3533,0.4224
8.8320,0.3250,4.5750,0.4250,-0.2034,-0.0049,-0.0604,0.2122
8.8320,0.4750,4.5750,0.4250,-0.2051,-0.0054,0.0611,0.2141
8.8320,0.6750,4.5750,0.4250,-0.2065,-0.0059,0.1833,0.2762
8.8320,0.8750,3.4250,0.3750,0.0162,0.2446,0.0523,0.2506
8.8320,0.9250,2.6750,0.3250,0.0120,0.0599,-0.2098,0.2186
8.8320,-0.3750,4.5750,0.4250,-0.2138,0.0081,0.2672,0.3423
8.8320,-0.0250,4.5750,0.4250,-0.2277,0.0021,0.1217,0.2582
8.8320,-0.2750,-1.9250,-0.0750,-0.0127,-0.3522,0.0008,0.3524
8.8320,0.9250,-1.0250,0.1250,-0.0117,-0.0024,-0.2655,0.2658
8.8320,0.9250,-1.0750,0.1250,-0.0119,-0.0022,-0.2776,0.2778
8.8320,0.9250,-1.3750,0.1250,0.0046,-0.0557,0.3261,0.3309
8.8320,0.9250,-1.5250,0.1250,0.0048,-0.0634,0.3514,0.3571
8.8320,0.9250,-1.6750,0.1250,-0.0677,0.1121,-0.1951,0.2350
8.8320,0.9250,2.3750,0.2750,0.0096,-0.0032,-0.2889,0.2891
8.8320,0.9250,-1.6750,0.1750,-0.0124,0.0010,-0.3409,0.3411
8.8320,0.9250,-2.2250,0.1750,-0.0655,0.2993,0.0562,0.3115
8.8320,0.9250,1.6250,0.2250,0.0043,-0.0256,-0.2421,0.2435
8.8320,0.9250,-1.8250,0.2250,-0.0032,-0.0170,0.2695,0.2701
8.8320,-1.3250,-4.4250,-0.0250,0.1456,-0.0197,0.2549,0.2942
8.8320,-0.0250,4.5750,-0.0250,-0.1706,-0.0031,-0.1689,0.2401
8.8320,0.9250,1.3250,0.1250,0.0592,0.0442,-0.2155,0.2278
8.8320,-1.3250,-4.4250,0.1750,-0.0351,-0.0219,0.2355,0.2392
8.8320,0.9250,1.0250,0.1250,0.0111,0.0077,0.2672,0.2675
8.8320,0.9250,1.8750,0.0250,-0.0124,-0.0246,-0.3838,0.3848
8.8320,-0.4750,-4.4250,0.4250,0.0456,-0.0050,0.4518,0.4541
8.8320,-0.6250,-4.4250,0.3750,0.1989,0.0137,-0.3141,0.3720
8.8320,-0.9750,-4.4250,0.3750,0.2075,0.0148,0.0007,0.2080
8.8320,0.9250,2.0750,-0.0250,-0.0122,0.0198,-0.3419,0.3427
8.8320,0.9250,1.3250,0.0250,-0.0121,-0.0018,-0.2814,0.2817
8.8320,-0.6250,-4.4250,0.4250,0.1842,0.0105,-0.2389,0.3018
8.8320,0.9250,1.0250,0.0250,-0.0128,0.0061,-0.2173,0.2178
8.8320,-1.3250,-4.4250,0.4250,0.1933,0.0207,-0.1947,0.2752
8.8320,0.9250,1.7250,-0.0250,-0.0128,0.0312,-0.2404,0.2427
8.8320,0.9250,0.8750,0.0250,-0.0128,0.0027,-0.2122,0.2126
8.8320,0.9250,-3.1750,0.3750,-0.0136,0.2264,-0.0946,0.2457
8.8320,0.9250,-3.7250,0.4250,-0.0102,0.2613,0.1172,0.2866
8.8320,-1.5250,-4.4250,0.4750,0.0693,0.0022,0.2258,0.2362
8.8320,0.9250,-2.2250,0.2750,-0.0157,0.1016,-0.2334,0.2550
8.8320,0.9250,-2.7750,0.3250,-0.0157,0.1553,-0.2456,0.2910
8.8320,0.5750,-4.4250,0.4750,0.0631,0.0005,-0.1941,0.2041
8.8320,-2.0750,-4.4250,0.4750,0.0131,0.0104,-0.3916,0.3920
8.8320,-3.2250,-4.4250,0.4750,0.2072,0.0368,0.1694,0.2701
8.8320,0.5750,-4.4250,0.3750,0.2241,-0.0034,-0.3635,0.4271
8.8320,-0.7750,-4.4250,0.4250,0.1881,0.0110,-0.1211,0.2240
8.8320,-1.1250,-4.4250,0.4250,0.1956,0.0119,0.1196,0.2295
8.8320,-1.8750,-4.4250,0.4250,0.2130,0.0224,0.2486,0.3281
8.8320,0.8750,-1.3750,0.1250,-0.0101,-0.0200,-0.3278,0.3286
8.8320,0.9250,-1.7750,0.1750,-0.0124,0.0024,-0.3550,0.3553
8.8320,-0.2750,-4.4250,0.3250,0.1988,0.0061,-0.1106,0.2276
8.8320,-1.0750,4.5750,-0.0250,-0.1716,-0.0215,-0.3032,0.3491
8.8320,-0.3750,4.5750,-0.0250,-0.1712,-0.0027,0.2256,0.2832
8.8320,0.9250,2.3250,-0.0250,-0.0560,0.2416,-0.0952,0.2656
8.8320,0.8750,1.7250,-0.0250,-0.0052,-0.0138,0.2273,0.2278
8.8320,0.1250,4.5750,0.1250,0.0100,-0.0067,-0.2854,0.2857
8.8320,0.9250,-1.0250,0.0250,0.0122,-0.0001,0.2230,0.2233
8.8320,-1.1250,-4.4250,0.1250,0.0084,-0.0140,-0.2014,0.2021
8.8320,0.8750,-1.9750,-0.0250,0.0054,-0.0396,-0.3390,0.3413
8.8320,-0.2750,-4.4250,-0.0250,0.1622,-0.0055,0.1210,0.2024
8.8320,-3.3250,4.0750,0.4250,-0.0912,-0.1936,-0.1002,0.2363
8.8320,-1.2750,4.5750,0.4250,-0.2465,0.0159,0.0812,0.2600
8.8320,-1.0750,4.5750,0.4250,-0.2403,0.0159,0.2265,0.3306
8.8320,0.9250,1.3250,0.1750,0.0128,0.0298,0.2585,0.2605
8.8320,0.9250,-1.0750,0.0250,0.0120,0.0018,0.2291,0.2294
8.8320,-0.7250,4.5750,0.4250,-0.2201,0.0084,0.0253,0.2217
8.8320,0.9250,-1.7750,-0.0250,0.0115,0.0253,0.2595,0.2609
8.8320,-4.1250,2.6750,0.2750,0.0166,0.0271,-0.2505,0.2525
8.8320,-0.2250,4.5750,0.4750,-0.0572,-0.0027,-0.2385,0.2453
8.8320,0.9250,2.0750,0.2750,0.0150,0.0978,0.2088,0.2310
8.8320,0.9250,3.0250,0.3750,0.0171,0.1968,0.0695,0.2094
8.8320,0.9250,-0.7250,0.0750,0.0109,-0.0140,0.2342,0.2349
8.8320,0.9250,-1.3750,0.0250,0.0102,-0.0129,0.2880,0.2884
8.8320,0.9250,-1.4750,0.0250,0.0100,-0.0117,0.3010,0.3014
8.8320,0.9250,-1.9750,0.0250,0.0075,-0.0443,0.3970,0.3995
8.8320,0.5750,-4.4250,-0.0250,0.1692,0.0110,-0.1957,0.2590
8.8320,0.9250,-1.9750,0.2250,-0.0032,-0.0221,0.3017,0.3025
8.8320,0.5750,-4.4250,0.1750,0.0461,-0.0118,0.1963,0.2020
8.8320,0.9250,-2.2750,0.2750,-0.0062,0.0276,0.2493,0.2509
8.8320,-1.8750,-4.4250,0.1250,0.0050,-0.0291,0.3196,0.3210
8.8320,0.2250,-4.4250,0.3750,0.2224,-0.0027,-0.0486,0.2277
8.8320,0.8750,-4.4250,0.4750,0.0001,0.3067,0.1730,0.3522
8.8320,-0.1750,1.9750,-0.0750,-0.0062,-0.4120,0.0008,0.4121
8.8320,0.0750,1.9750,-0.0750,-0.0303,0.2685,0.0005,0.2702
8.8320,-1.4750,-4.4250,0.4750,0.0375,0.0081,-0.2512,0.2541
8.8320,0.9250,-2.4750,0.2250,-0.0130,0.0118,-0.4318,0.4321
8.8320,-4.0750,-4.4750,0.5750,0.0010,0.0107,-0.4219,0.4220
8.8320,0.9250,-1.4750,0.1250,-0.0102,-0.0229,-0.3482,0.3491
8.8320,-5.9250,-4.4250,0.6750,0.1776,0.0318,0.3602,0.4028
8.8320,-8.3750,-3.6750,0.7750,0.0051,0.0011,0.2402,0.2403
8.8320,-8.3750,1.7250,0.7250,-0.0002,0.0074,-0.2077,0.2078
8.8320,-4.9250,1.2250,0.4750,0.0072,-0.0042,-0.2089,0.2090
8.8320,-4.6750,1.7250,0.4750,-0.0128,-0.0303,-0.4149,0.4162
8.8320,-4.0250,2.8750,0.4750,-0.0213,-0.0483,-0.4024,0.4059
8.8320,-2.5250,-4.4250,0.1250,0.0009,-0.0289,-0.2996,0.3009
8.8320,-3.3250,4.0750,0.4750,-0.0876,-0.1765,-0.0755,0.2110
8.8320,-3.2250,-4.4250,0.0750,0.0428,-0.0338,-0.2550,0.2608
8.8320,-2.9250,4.5250,0.5250,-0.0935,0.0039,-0.3048,0.3188
8.8320,-1.8250,4.5750,0.4750,-0.0387,0.0077,0.4009,0.4028
8.8320,-1.4250,4.5750,0.4750,-0.0626,0.0061,0.2286,0.2371
8.8320,0.8750,1.7250,0.1750,0.0111,0.0215,0.3358,0.3367
8.8320,-2.4750,4.5750,0.5250,-0.0884,0.0039,-0.2143,0.2319
8.8320,-1.4750,4.5750,0.4750,-0.0724,0.0014,-0.2598,0.2697
8.8320,0.0250,-2.0750,-0.0750,0.1028,0.3237,-0.0047,0.3396
8.8320,-0.2750,-2.6250,-0.0750,0.1932,0.1867,-0.0209,0.2694
8.8320,-2.4750,4.5250,0.0750,-0.0505,-0.0378,-0.2521,0.2598
8.8320,-1.2750,4.5750,-0.0250,-0.1743,-0.0214,-0.1021,0.2032
8.8320,0.9250,-3.2250,0.3250,-0.0054,0.0304,0.4077,0.4089
8.8320,-0.0250,2.0250,-0.0750,-0.0736,-0.3281,0.0014,0.3362
8.8320,-4.9250,1.2250,-0.0250,-0.0141,-0.0588,0.1939,0.2031
8.8320,-4.6750,1.7250,0.2250,0.0071,-0.0008,0.2277,0.2278
8.8320,-4.3750,2.2250,0.1750,-0.0015,-0.0024,0.3045,0.3045
8.8320,-3.7250,3.3750,0.0750,-0.0418,-0.0364,0.2607,0.2665
8.8320,-3.4750,-4.4750,0.5750,0.0355,0.0113,-0.2033,0.2067
8.8320,-5.4750,-4.4250,0.6750,0.0173,0.0107,-0.2851,0.2858
8.8320,-4.3750,2.2250,0.2750,0.0154,0.0279,0.2665,0.2684
8.8320,-3.7250,3.3750,0.1750,-0.0019,0.0270,0.2439,0.2454
8.8320,-2.9250,4.5250,0.0750,-0.0515,-0.0375,0.2002,0.2101
8.8320,-3.7250,3.3750,0.2750,0.0292,0.0748,0.2134,0.2280
8.8320,-3.4250,3.8750,0.5250,-0.0300,-0.0646,-0.1948,0.2074
8.8320,-4.7750,1.5750,0.0750,-0.0047,-0.0416,-0.2387,0.2423
8.8320,-0.7750,-1.7750,-0.0750,-0.0925,-0.2922,-0.0007,0.3065
8.8320,-1.7250,0.8750,-0.0750,0.2856,-0.1620,0.0002,0.3284
8.8320,-1.0750,1.6750,-0.0750,-0.1704,0.1426,0.0067,0.2223
8.8320,-1.4750,1.3250,-0.0750,-0.2884,0.1904,0.0063,0.3457
8.8320,-0.7250,1.8250,-0.0750,0.0391,-0.1967,0.0034,0.2006
8.8320,0.9250,2.6250,-0.0750,-0.0549,0.3061,-0.0014,0.3110
8.8320,-0.9250,1.7250,-0.0750,-0.2012,0.2930,0.0030,0.3555
8.8320,-8.3750,1.0750,-0.0250,-0.0111,-0.0477,0.2018,0.2077
8.8320,-0.4750,1.9250,-0.0750,-0.1128,0.3026,0.0009,0.3230
8.8320,-0.9750,2.1750,-0.0750,-0.2043,0.0858,0.0005,0.2216
8.8320,-0.6750,2.1250,-0.0750,-0.2108,0.2178,0.0085,0.3032
8.8320,-0.7250,-2.0750,-0.0750,0.0041,-0.3375,-0.0055,0.3375
8.8320,-1.7750,-0.8750,-0.0750,0.1981,0.0745,-0.0049,0.2117
8.8320,-1.9250,-0.6750,-0.0750,0.1976,0.0463,-0.0030,0.2030
8.8320,-1.9250,-0.1250,-0.0750,0.2225,0.0069,0.0020,0.2226
8.8320,-1.9750,0.1250,-0.0750,0.3008,-0.0301,0.0018,0.3023
8.8320,-2.0250,0.3250,-0.0750,0.3301,-0.0808,0.0068,0.3399
8.8320,-1.9750,-0.0250,-0.0750,-0.3763,-0.0222,0.0046,0.3770
8.8320,-1.9250,0.1750,-0.0750,-0.2664,0.0155,0.0007,0.2669
8.8320,-1.6250,1.2750,-0.0750,0.1159,-0.1695,0.0082,0.2055
8.8320,-1.9250,0.4750,-0.0750,-0.2310,0.0343,0.0063,0.2336
8.8320,-1.6250,1.0750,-0.0750,-0.2697,0.1506,0.0018,0.3089
8.8320,-1.3250,1.6250,-0.0750,-0.1900,0.0983,0.0059,0.2140
8.8320,-2.5250,0.7250,-0.0750,0.2353,-0.1235,0.0044,0.2658
9.8320,-1.0750,4.5750,0.0750,-0.0601,-0.0216,-0.2999,0.3066
9.8320,0.9250,1.7250,0.0750,-0.0095,-0.0487,-0.3864,0.3895
9.8320,0.9250,1.5750,0.0750,-0.0095,-0.0447,-0.3683,0.3711
9.8320,0.9250,-0.7750,0.0750,-0.0094,-0.0082,-0.2368,0.2372
9.8320,0.9250,-0.9250,0.0750,-0.0064,-0.0164,-0.2543,0.2549
9.8320,-0.1250,-4.4250,0.0750,0.0612,-0.0058,0.3094,0.3155
9.8320,-0.6250,-4.4250,0.0750,0.0615,-0.0056,-0.2635,0.2706
9.8320,-1.3250,-4.4250,0.0750,0.0542,-0.0215,0.2512,0.2579
9.8320,-2.9250,4.5250,0.1750,0.0722,-0.0333,0.1856,0.2019
9.8320,-0.3750,4.5750,0.1750,-0.0457,0.0033,-0.2263,0.2309
9.8320,0.9250,2.6250,0.1750,0.0775,0.3109,-0.0043,0.3205
9.8320,0.9250,2.0750,0.1250,0.0710,0.1415,-0.1381,0.2101
9.8320,0.9250,1.4750,0.1250,-0.0068,-0.0520,-0.3455,0.3494
9.8320,0.9250,1.2250,0.1250,-0.0066,-0.0415,-0.3045,0.3074
9.8320,0.9250,1.1250,0.1250,-0.0063,-0.0371,-0.2847,0.2872
9.8320,0.9250,1.0750,0.1250,-0.0064,-0.0337,-0.2695,0.2716
9.8320,-4.1250,2.6750,0.1750,-0.0011,-0.0029,-0.2847,0.2847
9.8320,0.9250,2.3250,0.1750,0.0763,0.2568,0.1034,0.2872
9.8320,0.9250,1.5750,0.1750,0.0113,0.0183,0.3251,0.3258
9.8320,0.9250,1.3750,0.1750,0.0004,-0.0359,-0.2564,0.2589
9.8320,0.3250,4.5750,0.3750,-0.2198,-0.0064,-0.0782,0.2334
9.8320,0.9250,2.3250,0.2250,0.0111,0.0425,0.4016,0.4040
9.8320,0.9250,2.1250,0.2250,0.0044,-0.0485,-0.3413,0.3447
9.8320,0.9250,1.9250,0.2250,0.0042,-0.0390,-0.3040,0.3065
9.8320,0.9250,1.5750,0.2250,0.0148,0.0587,0.2030,0.2118
9.8320,0.9250,-2.2250,-0.0250,0.0601,0.2715,0.2587,0.3798
9.8320,0.9250,-2.4750,-0.0250,0.0636,0.2672,-0.1682,0.3221
9.8320,-0.7250,4.5750,0.3750,-0.2384,0.0109,0.0321,0.2408
9.8320,-0.3750,4.5750,0.3750,-0.2314,0.0105,0.3533,0.4224
9.8320,0.3250,4.5750,0.4250,-0.2034,-0.0049,-0.0604,0.2122
9.8320,0.4750,4.5750,0.4250,-0.2051,-0.0054,0.0611,0.2141
9.8320,0.6750,4.5750,0.4250,-0.2065,-0.0059,0.1833,0.2762
9.8320,0.8750,3.4250,0.3750,0.0162,0.2446,0.0523,0.2506
9.8320,0.9250,2.6750,0.3250,0.0120,0.0599,-0.2098,0.2186
9.8320,-0.3750,4.5750,0.4250,-0.2138,0.0081,0.2672,0.3423
9.8320,-0.0250,4.5750,0.4250,-0.2277,0.0021,0.1217,0.2582
9.8320,-0.2750,-1.9250,-0.0750,-0.0127,-0.3522,0.0008,0.3524
9.8320,0.9250,-1.0250,0.1250,-0.0117,-0.0024,-0.2655,0.2658
9.8320,0.9250,-1.0750,0.1250,-0.0119,-0.0022,-0.2776,0.2778
9.8320,0.9250,-1.3750,0.1250,0.0046,-0.0557,0.3261,0.3309
9.8320,0.9250,-1.5250,0.1250,0.0048,-0.0634,0.3514,0.3571
9.8320,0.9250,-1.6750,0.1250,-0.0676,0.1118,-0.1951,0.2348
9.8320,0.9250,2.3750,0.2750,0.0096,-0.0032,-0.2889,0.2891
9.8320,0.9250,-1.2750,0.1750,-0.0139,0.0187,-0.2626,0.2637
9.8320,0.9250,-1.6750,0.1750,-0.0124,0.0010,-0.3409,0.3411
9.8320,0.9250,-2.2250,0.1750,-0.0655,0.2993,0.0562,0.3115
9.8320,0.9250,1.6250,0.2250,0.0043,-0.0256,-0.2421,0.2435
9.8320,0.9250,-1.8250,0.2250,-0.0032,-0.0170,0.2695,0.2701
9.8320,-1.3250,-4.4250,-0.0250,0.1455,-0.0197,0.2549,0.2942
9.8320,-0.0250,4.5750,-0.0250,-0.1706,-0.0031,-0.1689,0.2401
9.8320,0.9250,1.3250,0.1250,0.0592,0.0442,-0.2155,0.2278
9.8320,0.7250,-4.4250,0.4250,0.2315,-0.0092,0.0055,0.2318
9.8320,-1.3250,-4.4250,0.1750,-0.0351,-0.0219,0.2355,0.2392
9.8320,0.9250,1.0250,0.1250,0.0110,0.0076,0.2672,0.2675
9.8320,0.9250,1.8750,0.0250,-0.0124,-0.0246,-0.3838,0.3848
9.8320,-0.4750,-4.4250,0.4250,0.0456,-0.0050,0.4518,0.4541
9.8320,-0.6250,-4.4250,0.3750,0.1989,0.0137,-0.3141,0.3720
9.8320,-0.9750,-4.4250,0.3750,0.2075,0.0148,0.0007,0.2080
9.8320,0.9250,2.0750,-0.0250,-0.0122,0.0198,-0.3419,0.3427
9.8320,0.9250,1.3250,0.0250,-0.0121,-0.0018,-0.2814,0.2817
9.8320,-0.6250,-4.4250,0.4250,0.1842,0.0105,-0.2389,0.3018
9.8320,0.9250,1.0250,0.0250,-0.0128,0.0061,-0.2173,0.2178
9.8320,-1.3250,-4.4250,0.4250,0.1933,0.0207,-0.1947,0.2752
9.8320,0.9250,1.7250,-0.0250,-0.0128,0.0312,-0.2404,0.2427
9.8320,0.9250,0.8750,0.0250,-0.0128,0.0027,-0.2122,0.2126
9.8320,0.9250,-3.1750,0.3750,-0.0136,0.2264,-0.0946,0.2457
9.8320,0.9250,-3.7250,0.4250,-0.0102,0.2613,0.1172,0.2866
9.8320,-1.5250,-4.4250,0.4750,0.0693,0.0022,0.2258,0.2362
9.8320,0.9250,-2.2250,0.2750,-0.0157,0.1016,-0.2334,0.2550
9.8320,0.9250,-2.7750,0.3250,-0.0157,0.1553,-0.2456,0.2910
9.8320,0.5750,-4.4250,0.4750,0.0631,0.0005,-0.1941,0.2041
9.8320,-0.4250,-4.4250,0.4750,0.0502,0.0045,-0.2172,0.2230
9.8320,-2.0750,-4.4250,0.4750,0.0131,0.0104,-0.3916,0.3920
9.8320,-3.2250,-4.4250,0.4750,0.2072,0.0368,0.1694,0.2701
9.8320,0.8750,-1.9750,0.2250,-0.0140,0.0462,-0.3071,0.3109
9.8320,0.5750,-4.4250,0.3750,0.2241,-0.0034,-0.3635,0.4271
9.8320,0.2250,-4.4250,0.4250,0.2058,-0.0022,-0.0366,0.2091
9.8320,-0.2750,-4.4250,0.4250,0.2037,-0.0012,0.3166,0.3765
9.8320,-0.7750,-4.4250,0.4250,0.1881,0.0110,-0.1211,0.2240
9.8320,-1.1250,-4.4250,0.4250,0.1956,0.0119,0.1196,0.2295
9.8320,-1.8750,-4.4250,0.4250,0.2130,0.0224,0.2486,0.3281
9.8320,-4.7750,1.5750,0.1750,0.0033,-0.0228,-0.2231,0.2243
9.8320,0.8750,-1.3750,0.1250,-0.0099,-0.0203,-0.3278,0.3286
9.8320,0.9250,-1.7750,0.1750,-0.0124,0.0024,-0.3550,0.3553
9.8320,-0.2750,-4.4250,0.3250,0.1988,0.0061,-0.1106,0.2276
9.8320,-1.0750,4.5750,-0.0250,-0.1716,-0.0215,-0.3032,0.3491
9.8320,-0.3750,4.5750,-0.0250,-0.1712,-0.0027,0.2256,0.2832
9.8320,0.9250,2.3250,-0.0250,-0.0560,0.2416,-0.0952,0.2656
9.8320,0.8750,1.7250,-0.0250,-0.0052,-0.0138,0.2273,0.2278
9.8320,0.1250,4.5750,0.1250,0.0100,-0.0067,-0.2854,0.2857
9.8320,0.9250,-1.0250,0.0250,0.0122,-0.0001,0.2230,0.2233
9.8320,-1.1250,-4.4250,0.1250,0.0084,-0.0140,-0.2014,0.2021
9.8320,0.8750,-1.9750,-0.0250,0.0054,-0.0396,-0.3390,0.3413
9.8320,-0.2750,-4.4250,-0.0250,0.1622,-0.0055,0.1210,0.2024
9.8320,-3.3250,4.0750,0.4250,-0.0912,-0.1936,-0.1002,0.2363
9.8320,-1.2750,4.5750,0.4250,-0.2465,0.0159,0.0812,0.2601
9.8320,-1.0750,4.5750,0.4250,-0.2403,0.0159,0.2265,0.3306
9.8320,0.9250,1.3250,0.1750,0.0128,0.0298,0.2585,0.2605
9.8320,0.9250,-1.0750,0.0250,0.0120,0.0018,0.2291,0.2294
9.8320,-0.7250,4.5750,0.4250,-0.2201,0.0084,0.0253,0.2217
9.8320,0.9250,-1.7750,-0.0250,0.0115,0.0253,0.2595,0.2609
9.8320,-4.1250,2.6750,0.2750,0.0166,0.0271,-0.2505,0.2525
9.8320,-0.2250,4.5750,0.4750,-0.0572,-0.0026,-0.2385,0.2453
9.8320,0.9250,2.0750,0.2750,0.0150,0.0978,0.2088,0.2310
9.8320,0.9250,3.0250,0.3750,0.0171,0.1968,0.0695,0.2094
9.8320,0.9250,-0.7250,0.0750,0.0109,-0.0140,0.2342,0.2349
9.8320,0.9250,-1.3750,0.0250,0.0102,-0.0129,0.2880,0.2884
9.8320,0.9250,-1.4750,0.0250,0.0100,-0.0117,0.3010,0.3014
9.8320,0.9250,-1.9750,0.0250,0.0075,-0.0443,0.3970,0.3995
9.8320,0.5750,-4.4250,-0.0250,0.1692,0.0111,-0.1957,0.2590
9.8320,0.9250,-1.9750,0.2250,-0.0032,-0.0222,0.3017,0.3025
9.8320,0.5750,-4.4250,0.1750,0.0461,-0.0118,0.1963,0.2020
9.8320,0.9250,-2.2750,0.2750,-0.0062,0.0276,0.2493,0.2509
9.8320,-1.8750,-4.4250,0.1250,0.0050,-0.0291,0.3196,0.3210
9.8320,0.2250,-4.4250,0.3750,0.2224,-0.0027,-0.0486,0.2277
9.8320,0.8750,-4.4250,0.4750,0.0001,0.3067,0.1730,0.3522
9.8320,-0.1750,1.9750,-0.0750,-0.0062,-0.4120,0.0008,0.4121
9.8320,0.0750,1.9750,-0.0750,-0.0303,0.2685,0.0005,0.2702
9.8320,0.5250,1.9250,-0.0750,0.0695,0.3957,-0.0002,0.4018
9.8320,0.9250,-3.1250,0.3250,-0.0153,0.1256,-0.3946,0.4144
9.8320,0.5750,-4.4250,0.4250,0.2074,-0.0028,-0.2738,0.3435
9.8320,-1.4750,-4.4250,0.4750,0.0375,0.0081,-0.2512,0.2541
9.8320,0.9250,-2.4750,0.2250,-0.0130,0.0118,-0.4318,0.4321
9.8320,-4.0750,-4.4750,0.5750,0.0010,0.0107,-0.4219,0.4220
9.8320,0.9250,-1.4750,0.1250,-0.0100,-0.0232,-0.3482,0.3491
9.8320,-5.9250,-4.4250,0.6750,0.1776,0.0318,0.3602,0.4028
9.8320,-8.3750,-3.6750,0.7750,0.0052,0.0011,0.2402,0.2403
9.8320,-8.3750,1.7250,0.7250,-0.0002,0.0074,-0.2077,0.2078
9.8320,-4.9250,1.2250,0.4750,0.0072,-0.0042,-0.2089,0.2090
9.8320,-4.6750,1.7250,0.4750,-0.0128,-0.0303,-0.4149,0.4162
9.8320,-4.0250,2.8750,0.4750,-0.0213,-0.0483,-0.4024,0.4059
9.8320,-2.5250,-4.4250,0.1250,0.0009,-0.0289,-0.2996,0.3009
9.8320,-3.3250,4.0750,0.4750,-0.0876,-0.1765,-0.0755,0.2110
9.8320,-3.2250,-4.4250,0.0750,0.0428,-0.0339,-0.2550,0.2608
9.8320,-2.9250,4.5250,0.5250,-0.0935,0.0039,-0.3048,0.3188
9.8320,-1.8250,4.5750,0.4750,-0.0387,0.0078,0.4009,0.4028
9.8320,-1.4250,4.5750,0.4750,-0.0626,0.0061,0.2286,0.2371
9.8320,0.8750,1.7250,0.1750,0.0110,0.0215,0.3358,0.3367
9.8320,-2.4750,4.5750,0.5250,-0.0884,0.0039,-0.2143,0.2319
9.8320,-1.4750,4.5750,0.4750,-0.0724,0.0014,-0.2598,0.2697
9.8320,0.0250,-2.0750,-0.0750,0.1028,0.3237,-0.0047,0.3396
9.8320,-0.2750,-2.6250,-0.0750,0.1932,0.1868,-0.0209,0.2695
9.8320,-2.4750,4.5250,0.0750,-0.0505,-0.0378,-0.2521,0.2598
9.8320,-1.2750,4.5750,-0.0250,-0.1743,-0.0213,-0.1021,0.2032
9.8320,0.9250,-3.2250,0.3250,-0.0054,0.0304,0.4077,0.4089
9.8320,-0.0250,2.0250,-0.0750,-0.0736,-0.3281,0.0014,0.3362
9.8320,-4.9250,1.2250,-0.0250,-0.0141,-0.0588,0.1939,0.2031
9.8320,-8.3750,-1.1250,0.4750,0.0050,-0.0263,0.2404,0.2419
9.8320,-4.6750,1.7250,0.1250,-0.0067,-0.0270,0.2518,0.2533
9.8320,-4.0250,2.8750,0.0250,-0.0488,-0.0653,0.1880,0.2049
9.8320,0.7750,1.8250,-0.0750,-0.1642,-0.2965,-0.0003,0.3389
9.8320,-4.6750,1.7250,0.2250,0.0071,-0.0008,0.2277,0.2278
9.8320,-4.3750,2.2250,0.1750,-0.0015,-0.0024,0.3045,0.3045
9.8320,-3.7250,3.3750,0.0750,-0.0418,-0.0364,0.2607,0.2665
9.8320,-3.4750,-4.4750,0.5750,0.0354,0.0113,-0.2033,0.2066
9.8320,-5.4750,-4.4250,0.6750,0.0173,0.0107,-0.2851,0.2858
9.8320,-4.3750,2.2250,0.2750,0.0154,0.0279,0.2665,0.2684
9.8320,-3.7250,3.3750,0.1750,-0.0019,0.0270,0.2439,0.2454
9.8320,-2.9250,4.5250,0.0750,-0.0515,-0.0374,0.2002,0.2101
9.8320,-3.7250,3.3750,0.2750,0.0292,0.0748,0.2134,0.2280
9.8320,-3.4250,3.8750,0.5250,-0.0300,-0.0646,-0.1948,0.2074
9.8320,-4.7750,1.5750,0.0750,-0.0048,-0.0416,-0.2387,0.2423
9.8320,-0.7750,-1.7750,-0.0750,-0.0925,-0.2922,-0.0007,0.3065
9.8320,-3.5250,3.6750,-0.0250,-0.0826,-0.1039,-0.1750,0.2197
9.8320,-1.7250,0.8750,-0.0750,0.2857,-0.1620,0.0002,0.3284
9.8320,-1.0750,1.6750,-0.0750,-0.1704,0.1426,0.0067,0.2223
9.8320,-1.4750,1.3250,-0.0750,-0.2884,0.1904,0.0063,0.3456
9.8320,-0.7250,1.8250,-0.0750,0.0391,-0.1967,0.0034,0.2005
9.8320,0.9250,2.6250,-0.0750,-0.0549,0.3061,-0.0014,0.3110
9.8320,-0.9250,1.7250,-0.0750,-0.2012,0.2931,0.0030,0.3555
9.8320,-8.3750,1.0750,-0.0250,-0.0113,-0.0477,0.2018,0.2077
9.8320,-0.4750,1.9250,-0.0750,-0.1128,0.3026,0.0009,0.3230
9.8320,-0.9750,2.1750,-0.0750,-0.2043,0.0858,0.0005,0.2216
9.8320,-0.6750,2.1250,-0.0750,-0.2108,0.2178,0.0085,0.3032
9.8320,-0.7250,-2.0750,-0.0750,0.0041,-0.3374,-0.0055,0.3374
9.8320,-1.7750,-0.8750,-0.0750,0.1981,0.0745,-0.0049,0.2117
9.8320,-1.9250,-0.6750,-0.0750,0.1976,0.0463,-0.0030,0.2030
9.8320,-1.9250,-0.1250,-0.0750,0.2225,0.0069,0.0020,0.2226
9.8320,-1.9750,0.1250,-0.0750,0.3007,-0.0301,0.0018,0.3022
9.8320,-2.0250,0.3250,-0.0750,0.3301,-0.0808,0.0068,0.3399
9.8320,-1.9750,-0.0250,-0.0750,-0.3764,-0.0222,0.0046,0.3771
9.8320,-1.9250,0.1750,-0.0750,-0.2665,0.0155,0.0007,0.2670
9.8320,-1.6250,1.2750,-0.0750,0.1159,-0.1695,0.0082,0.2055
9.8320,-1.9250,0.4750,-0.0750,-0.2311,0.0343,0.0063,0.2337
9.8320,-1.6250,1.0750,-0.0750,-0.2697,0.1505,0.0018,0.3089
9.8320,-1.3250,1.6250,-0.0750,-0.1900,0.0983,0.0059,0.2140
9.8320,-2.5250,0.7250,-0.0750,0.2354,-0.1235,0.0044,0.2658
10.8320,-1.0750,4.5750,0.0750,-0.0601,-0.0216,-0.2999,0.3066
10.8320,-0.3750,4.5750,0.0750,-0.0632,-0.0030,0.2240,0.2327
10.8320,0.9250,1.7250,0.0750,-0.0095,-0.0487,-0.3864,0.3895
10.8320,0.9250,1.5750,0.0750,-0.0095,-0.0447,-0.3683,0.3711
10.8320,0.9250,-0.7750,0.0750,-0.0094,-0.0082,-0.2368,0.2372
10.8320,0.9250,-0.9250,0.0750,-0.0064,-0.0164,-0.2543,0.2549
10.8320,-0.1250,-4.4250,0.0750,0.0612,-0.0058,0.3094,0.3155
10.8320,-0.6250,-4.4250,0.0750,0.0614,-0.0056,-0.2635,0.2706
10.8320,-1.3250,-4.4250,0.0750,0.0542,-0.0214,0.2512,0.2579
10.8320,-2.9250,4.5250,0.1750,0.0722,-0.0333,0.1856,0.2019
10.8320,-0.3750,4.5750,0.1750,-0.0457,0.0033,-0.2263,0.2309
10.8320,0.9250,2.6250,0.1750,0.0775,0.3109,-0.0043,0.3205
10.8320,0.9250,2.0750,0.1250,0.0710,0.1415,-0.1381,0.2101
10.8320,0.9250,1.4750,0.1250,-0.0068,-0.0520,-0.3455,0.3494
10.8320,0.9250,1.2250,0.1250,-0.0066,-0.0415,-0.3045,0.3074
10.8320,0.9250,1.1250,0.1250,-0.0063,-0.0371,-0.2847,0.2872
10.8320,0.9250,1.0750,0.1250,-0.0064,-0.0337,-0.2695,0.2716
10.8320,0.9250,-2.4750,0.0250,-0.0582,-0.1163,0.1621,0.2078
10.8320,0.9250,-2.7750,0.0250,-0.0582,-0.1477,0.2892,0.3299
10.8320,-4.1250,2.6750,0.1750,-0.0011,-0.0029,-0.2847,0.2847
10.8320,0.9250,2.3250,0.1750,0.0763,0.2568,0.1034,0.2872
10.8320,0.9250,1.5750,0.1750,0.0114,0.0183,0.3251,0.3258
10.8320,0.9250,1.3750,0.1750,0.0004,-0.0359,-0.2564,0.2589
10.8320,0.3250,4.5750,0.3750,-0.2198,-0.0064,-0.0782,0.2334
10.8320,0.9250,2.3250,0.2250,0.0111,0.0425,0.4016,0.4040
10.8320,0.9250,2.1250,0.2250,0.0044,-0.0485,-0.3413,0.3447
10.8320,0.9250,1.9250,0.2250,0.0042,-0.0390,-0.3040,0.3065
10.8320,0.9250,1.5750,0.2250,0.0148,0.0587,0.2030,0.2118
10.8320,0.9250,-2.2250,-0.0250,0.0601,0.2716,0.2587,0.3798
10.8320,0.9250,-2.4750,-0.0250,0.0636,0.2672,-0.1682,0.3221
10.8320,-0.7250,4.5750,0.3750,-0.2384,0.0109,0.0321,0.2408
10.8320,-0.3750,4.5750,0.3750,-0.2314,0.0105,0.3533,0.4224
10.8320,0.3250,4.5750,0.4250,-0.2034,-0.0049,-0.0603,0.2122
10.8320,0.4750,4.5750,0.4250,-0.2051,-0.0054,0.0611,0.2141
10.8320,0.6750,4.5750,0.4250,-0.2065,-0.0059,0.1833,0.2762
10.8320,0.8750,3.4250,0.3750,0.0162,0.2446,0.0523,0.2506
10.8320,0.9250,2.6750,0.3250,0.0120,0.0599,-0.2098,0.2186
10.8320,-0.3750,4.5750,0.4250,-0.2138,0.0080,0.2672,0.3423
10.8320,-0.0250,4.5750,0.4250,-0.2277,0.0021,0.1217,0.2582
10.8320,-0.2750,-1.9250,-0.0750,-0.0126,-0.3522,0.0008,0.3524
10.8320,0.9250,-1.0250,0.1250,-0.0117,-0.0024,-0.2655,0.2658
10.8320,0.9250,-1.0750,0.1250,-0.0119,-0.0022,-0.2776,0.2778
10.8320,0.9250,-1.3750,0.1250,0.0046,-0.0557,0.3261,0.3309
10.8320,0.9250,-1.5250,0.1250,0.0048,-0.0634,0.3514,0.3571
10.8320,0.9250,-1.6750,0.1250,-0.0676,0.1118,-0.1951,0.2348
10.8320,0.9250,2.3750,0.2750,0.0096,-0.0032,-0.2889,0.2891
10.8320,0.9250,-1.2750,0.1750,-0.0139,0.0187,-0.2626,0.2637
10.8320,0.9250,-1.6750,0.1750,-0.0124,0.0010,-0.3409,0.3411
10.8320,0.9250,-2.2250,0.1750,-0.0655,0.2993,0.0562,0.3115
10.8320,0.9250,1.6250,0.2250,0.0043,-0.0256,-0.2421,0.2435
10.8320,0.9250,-1.8250,0.2250,-0.0032,-0.0170,0.2695,0.2701
10.8320,0.3750,-4.4250,0.1250,-0.0095,-0.0028,-0.2501,0.2503
10.8320,-1.3250,-4.4250,-0.0250,0.1455,-0.0197,0.2549,0.2942
10.8320,-0.0250,4.5750,-0.0250,-0.1706,-0.0031,-0.1689,0.2401
10.8320,0.6750,4.5750,0.0250,-0.1159,0.0062,-0.3071,0.3283
10.8320,-0.6250,-4.4250,0.1750,0.0416,0.0064,0.2661,0.2694
10.8320,0.9250,1.3250,0.1250,0.0592,0.0442,-0.2155,0.2278
10.8320,0.7250,-4.4250,0.4250,0.2315,-0.0092,0.0055,0.2318
10.8320,-1.3250,-4.4250,0.1750,-0.0351,-0.0219,0.2355,0.2392
10.8320,0.9250,1.0250,0.1250,0.0110,0.0076,0.2672,0.2675
10.8320,0.9250,2.0750,0.0250,-0.0656,0.1192,-0.1854,0.2300
10.8320,0.9250,1.8750,0.0250,-0.0124,-0.0246,-0.3838,0.3848
10.8320,-0.4750,-4.4250,0.4250,0.0456,-0.0050,0.4518,0.4541
10.8320,-0.6250,-4.4250,0.3750,0.1989,0.0137,-0.3141,0.3720
10.8320,-0.9750,-4.4250,0.3750,0.2075,0.0148,0.0007,0.2080
10.8320,0.9250,2.0750,-0.0250,-0.0122,0.0198,-0.3419,0.3427
10.8320,0.9250,1.3250,0.0250,-0.0121,-0.0018,-0.2814,0.2817
10.8320,-0.6250,-4.4250,0.4250,0.1842,0.0105,-0.2389,0.3018
10.8320,0.9250,1.0250,0.0250,-0.0128,0.0061,-0.2173,0.2178
10.8320,-1.3250,-4.4250,0.4250,0.1933,0.0207,-0.1947,0.2752
10.8320,0.9250,1.7250,-0.0250,-0.0128,0.0312,-0.2404,0.2427
10.8320,0.9250,0.8750,0.0250,-0.0128,0.0027,-0.2122,0.2126
10.8320,0.9250,-3.1750,0.3750,-0.0136,0.2264,-0.0946,0.2457
10.8320,0.9250,-3.7250,0.4250,-0.0102,0.2614,0.1172,0.2866
10.8320,-1.5250,-4.4250,0.4750,0.0693,0.0022,0.2258,0.2362
10.8320,0.9250,-2.2250,0.2750,-0.0157,0.1016,-0.2334,0.2550
10.8320,0.9250,-2.7750,0.3250,-0.0157,0.1554,-0.2456,0.2910
10.8320,0.5750,-4.4250,0.4750,0.0631,0.0005,-0.1941,0.2041
10.8320,-0.4250,-4.4250,0.4750,0.0502,0.0045,-0.2172,0.2230
10.8320,-2.0750,-4.4250,0.4750,0.0131,0.0104,-0.3916,0.3920
10.8320,-3.2250,-4.4250,0.4750,0.2072,0.0368,0.1694,0.2701
10.8320,0.8750,-1.9750,0.2250,-0.0140,0.0462,-0.3071,0.3109
10.8320,0.5750,-4.4250,0.3750,0.2241,-0.0034,-0.3635,0.4271
10.8320,0.2250,-4.4250,0.4250,0.2058,-0.0022,-0.0366,0.2091
10.8320,-0.2750,-4.4250,0.4250,0.2037,-0.0012,0.3166,0.3765
10.8320,-0.7750,-4.4250,0.4250,0.1881,0.0110,-0.1211,0.2240
10.8320,-1.1250,-4.4250,0.4250,0.1956,0.0119,0.1196,0.2295
10.8320,-1.8750,-4.4250,0.4250,0.2130,0.0224,0.2486,0.3281
10.8320,-4.7750,1.5750,0.1750,0.0033,-0.0228,-0.2231,0.2243
10.8320,0.8750,-1.3750,0.1250,-0.0099,-0.0203,-0.3278,0.3286
10.8320,0.9250,-1.7750,0.1750,-0.0124,0.0024,-0.3550,0.3553
10.8320,-0.2750,-4.4250,0.3250,0.1988,0.0061,-0.1106,0.2276
10.8320,-1.0750,4.5750,-0.0250,-0.1716,-0.0215,-0.3032,0.3491
10.8320,-0.3750,4.5750,-0.0250,-0.1712,-0.0027,0.2256,0.2832
10.8320,0.9250,2.6250,-0.0250,-0.0646,0.1918,0.0074,0.2025
10.8320,0.9250,2.3250,-0.0250,-0.0560,0.2416,-0.0952,0.2656
10.8320,0.8750,1.7250,-0.0250,-0.0052,-0.0138,0.2273,0.2278
10.8320,0.9250,1.9250,0.0250,0.0010,0.0343,-0.2082,0.2110
10.8320,-1.1250,-4.4250,0.2250,0.0905,0.0161,0.2065,0.2261
10.8320,0.1250,4.5750,0.1250,0.0100,-0.0067,-0.2854,0.2857
10.8320,0.9250,-1.0250,0.0250,0.0122,-0.0001,0.2230,0.2233
10.8320,-1.1250,-4.4250,0.1250,0.0084,-0.0140,-0.2014,0.2021
10.8320,-3.4250,3.8750,0.3750,0.0507,0.1039,-0.2657,0.2898
10.8320,0.8750,-1.9750,-0.0250,0.0054,-0.0396,-0.3390,0.3413
10.8320,-0.2750,-4.4250,-0.0250,0.1622,-0.0055,0.1210,0.2024
10.8320,-3.3250,4.0750,0.4250,-0.0912,-0.1936,-0.1002,0.2363
10.8320,-1.2750,4.5750,0.4250,-0.2465,0.0159,0.0812,0.2600
10.8320,-1.0750,4.5750,0.4250,-0.2403,0.0159,0.2265,0.3306
10.8320,0.9250,1.3250,0.1750,0.0128,0.0298,0.2585,0.2605
10.8320,0.9250,-1.0750,0.0250,0.0120,0.0018,0.2291,0.2294
10.8320,-0.7250,4.5750,0.4250,-0.2201,0.0084,0.0253,0.2217
10.8320,0.9250,-1.7750,-0.0250,0.0115,0.0253,0.2595,0.2609
10.8320,-4.1250,2.6750,0.2750,0.0166,0.0271,-0.2505,0.2525
10.8320,-0.2250,4.5750,0.4750,-0.0572,-0.0026,-0.2385,0.2453
10.8320,0.9250,2.0750,0.2750,0.0150,0.0978,0.2088,0.2310
10.8320,0.9250,3.0250,0.3750,0.0171,0.1968,0.0695,0.2094
10.8320,0.9250,-0.7250,0.0750,0.0109,-0.0140,0.2342,0.2349
10.8320,0.9250,-1.3750,0.0250,0.0102,-0.0129,0.2880,0.2884
10.8320,0.9250,-1.4750,0.0250,0.0100,-0.0117,0.3010,0.3014
10.8320,-2.2750,4.5750,0.2250,0.1131,-0.0254,0.2253,0.2533
10.8320,0.9250,-1.9750,0.0250,0.0075,-0.0443,0.3970,0.3995
10.8320,0.5750,-4.4250,-0.0250,0.1692,0.0110,-0.1957,0.2590
10.8320,0.9250,-1.9750,0.2250,-0.0032,-0.0222,0.3017,0.3025
10.8320,0.5750,-4.4250,0.1750,0.0461,-0.0118,0.1963,0.2020
10.8320,0.9250,-2.2750,0.2750,-0.0062,0.0276,0.2493,0.2509
10.8320,-1.8750,-4.4250,0.1250,0.0050,-0.0291,0.3196,0.3210
10.8320,0.2250,-4.4250,0.3750,0.2224,-0.0027,-0.0486,0.2277
10.8320,0.8750,-4.4250,0.4750,0.0001,0.3068,0.1730,0.3522
10.8320,-0.1750,1.9750,-0.0750,-0.0062,-0.4120,0.0008,0.4121
10.8320,0.0750,1.9750,-0.0750,-0.0303,0.2685,0.0005,0.2702
10.8320,0.5250,1.9250,-0.0750,0.0695,0.3957,-0.0002,0.4018
10.8320,0.9250,-3.1250,0.3250,-0.0153,0.1256,-0.3946,0.4144
10.8320,0.5750,-4.4250,0.4250,0.2074,-0.0028,-0.2738,0.3435
10.8320,-1.4750,-4.4250,0.4750,0.0375,0.0081,-0.2512,0.2541
10.8320,0.9250,-2.4750,0.2250,-0.0130,0.0118,-0.4318,0.4321
10.8320,-4.0750,-4.4750,0.5750,0.0010,0.0107,-0.4219,0.4220
10.8320,0.9250,-1.4750,0.1250,-0.0100,-0.0232,-0.3482,0.3491
10.8320,-5.9250,-4.4250,0.6750,0.1776,0.0318,0.3602,0.4028
10.8320,-7.0250,-4.4750,0.7250,0.1827,0.0389,0.2252,0.2926
10.8320,-8.3750,-3.6750,0.7750,0.0052,0.0011,0.2402,0.2403
10.8320,-0.7750,-4.4250,0.2250,0.0859,0.0156,-0.1860,0.2055
10.8320,-2.5250,-4.4250,0.3250,0.1738,0.0352,0.2836,0.3345
10.8320,-8.3750,1.7250,0.7250,-0.0002,0.0075,-0.2077,0.2078
10.8320,-4.9250,1.2250,0.4750,0.0072,-0.0042,-0.2089,0.2090
10.8320,-4.0250,2.8750,0.4750,-0.0213,-0.0483,-0.4024,0.4059
10.8320,-2.5250,-4.4250,0.1250,0.0009,-0.0289,-0.2996,0.3009
10.8320,-3.3250,4.0750,0.4750,-0.0876,-0.1765,-0.0755,0.2110
10.8320,-3.2250,-4.4250,0.0750,0.0428,-0.0338,-0.2550,0.2608
10.8320,-2.9250,4.5250,0.5250,-0.0935,0.0040,-0.3048,0.3188
10.8320,-1.4250,4.5750,0.4750,-0.0626,0.0060,0.2286,0.2371
10.8320,0.8750,1.7250,0.1750,0.0111,0.0215,0.3358,0.3367
10.8320,-2.4750,4.5750,0.5250,-0.0885,0.0040,-0.2143,0.2319
10.8320,-1.4750,4.5750,0.4750,-0.0723,0.0014,-0.2598,0.2697
10.8320,-3.7250,3.3750,0.3750,0.0460,0.0978,0.1731,0.2041
10.8320,0.0250,-2.0750,-0.0750,0.1028,0.3237,-0.0047,0.3397
10.8320,-0.2750,-2.6250,-0.0750,0.1932,0.1869,-0.0209,0.2696
10.8320,-2.4750,4.5250,0.0750,-0.0505,-0.0378,-0.2521,0.2598
10.8320,-1.2750,4.5750,-0.0250,-0.1744,-0.0213,-0.1021,0.2032
10.8320,0.9250,-3.2250,0.3250,-0.0054,0.0304,0.4077,0.4089
10.8320,-0.0250,2.0250,-0.0750,-0.0736,-0.3281,0.0014,0.3362
10.8320,-4.9250,1.2250,-0.0250,-0.0141,-0.0588,0.1939,0.2031
10.8320,-8.3750,-1.1250,0.4750,0.0050,-0.0263,0.2404,0.2419
10.8320,-4.6750,1.7250,0.1250,-0.0067,-0.0270,0.2518,0.2533
10.8320,-4.0250,2.8750,0.0250,-0.0488,-0.0653,0.1880,0.2049
10.8320,0.7750,1.8250,-0.0750,-0.1642,-0.2965,-0.0003,0.3389
10.8320,-4.6750,1.7250,0.2250,0.0071,-0.0008,0.2277,0.2278
10.8320,-4.3750,2.2250,0.1750,-0.0015,-0.0025,0.3045,0.3045
10.8320,-3.7250,3.3750,0.0750,-0.0418,-0.0364,0.2607,0.2665
10.8320,-3.4750,-4.4750,0.5750,0.0355,0.0113,-0.2033,0.2067
10.8320,-5.4750,-4.4250,0.6750,0.0173,0.0106,-0.2851,0.2858
10.8320,-4.3750,2.2250,0.2750,0.0154,0.0279,0.2665,0.2684
10.8320,-3.7250,3.3750,0.1750,-0.0019,0.0270,0.2439,0.2454
10.8320,-2.9250,4.5250,0.0750,-0.0515,-0.0374,0.2002,0.2101
10.8320,-3.7250,3.3750,0.2750,0.0292,0.0748,0.2134,0.2280
10.8320,-4.0750,-4.4750,0.4750,0.2047,0.0454,0.1450,0.2550
10.8320,-3.4250,3.8750,0.5250,-0.0300,-0.0646,-0.1948,0.2074
10.8320,-4.7750,1.5750,0.0750,-0.0047,-0.0416,-0.2387,0.2423
10.8320,-0.7750,-1.7750,-0.0750,-0.0927,-0.2927,-0.0008,0.3070
10.8320,-3.5250,3.6750,-0.0250,-0.0826,-0.1039,-0.1750,0.2196
10.8320,-0.5750,4.5750,0.1250,-0.0071,-0.0123,-0.2252,0.2257
10.8320,-1.7250,0.8750,-0.0750,0.2857,-0.1621,0.0002,0.3284
10.8320,-1.0750,1.6750,-0.0750,-0.1704,0.1426,0.0067,0.2223
10.8320,-1.4750,1.3250,-0.0750,-0.2884,0.1903,0.0063,0.3456
10.8320,-0.7250,1.8250,-0.0750,0.0391,-0.1967,0.0034,0.2006
10.8320,0.9250,2.6250,-0.0750,-0.0549,0.3061,-0.0014,0.3110
10.8320,-0.9250,1.7250,-0.0750,-0.2012,0.2931,0.0030,0.3555
10.8320,-8.3750,1.0750,-0.0250,-0.0113,-0.0477,0.2018,0.2077
10.8320,-0.4750,1.9250,-0.0750,-0.1128,0.3026,0.0009,0.3230
10.8320,-0.9750,2.1750,-0.0750,-0.2043,0.0858,0.0005,0.2216
10.8320,-0.6750,2.1250,-0.0750,-0.2108,0.2178,0.0085,0.3032
10.8320,-5.1250,-4.4250,0.5750,0.1934,0.0446,0.0734,0.2117
10.8320,-0.7250,-2.0750,-0.0750,0.0042,-0.3373,-0.0055,0.3373
10.8320,-1.7750,-0.8750,-0.0750,0.1981,0.0745,-0.0049,0.2117
10.8320,-1.9250,-0.6750,-0.0750,0.1976,0.0463,-0.0030,0.2030
10.8320,-1.9250,-0.1250,-0.0750,0.2225,0.0069,0.0020,0.2226
10.8320,-1.9750,0.1250,-0.0750,0.3007,-0.0301,0.0018,0.3022
10.8320,-2.0250,0.3250,-0.0750,0.3301,-0.0808,0.0068,0.3399
10.8320,-1.9750,-0.0250,-0.0750,-0.3764,-0.0222,0.0046,0.3771
10.8320,-1.9250,0.1750,-0.0750,-0.2665,0.0155,0.0007,0.2669
10.8320,-1.6250,1.2750,-0.0750,0.1159,-0.1695,0.0082,0.2055
10.8320,-1.9250,0.4750,-0.0750,-0.2311,0.0343,0.0063,0.2337
10.8320,-1.6250,1.0750,-0.0750,-0.2697,0.1505,0.0018,0.3089
10.8320,-1.3250,1.6250,-0.0750,-0.1900,0.0983,0.0059,0.2140
10.8320,-2.5250,0.7250,-0.0750,0.2353,-0.1235,0.0044,0.2658
11.8320,-1.0750,4.5750,0.0750,-0.0601,-0.0216,-0.2999,0.3066
11.8320,-0.3750,4.5750,0.0750,-0.0632,-0.0030,0.2240,0.2327
11.8320,0.9250,1.7250,0.0750,-0.0095,-0.0487,-0.3864,0.3895
11.8320,0.9250,1.5750,0.0750,-0.0095,-0.0447,-0.3683,0.3711
11.8320,0.9250,-0.7750,0.0750,-0.0094,-0.0082,-0.2368,0.2372
11.8320,0.9250,-0.9250,0.0750,-0.0064,-0.0164,-0.2543,0.2549
11.8320,-0.1250,-4.4250,0.0750,0.0612,-0.0058,0.3094,0.3155
11.8320,-0.6250,-4.4250,0.0750,0.0614,-0.0056,-0.2635,0.2706
11.8320,-1.3250,-4.4250,0.0750,0.0542,-0.0214,0.2512,0.2579
11.8320,-2.9250,4.5250,0.1750,0.0722,-0.0333,0.1856,0.2019
11.8320,-0.3750,4.5750,0.1750,-0.0457,0.0033,-0.2263,0.2309
11.8320,0.9250,2.6250,0.1750,0.0775,0.3109,-0.0043,0.3205
11.8320,0.9250,2.0750,0.1250,0.0710,0.1415,-0.1381,0.2101
11.8320,0.9250,1.4750,0.1250,-0.0068,-0.0520,-0.3455,0.3494
11.8320,0.9250,1.2250,0.1250,-0.0066,-0.0415,-0.3045,0.3074
11.8320,0.9250,1.1250,0.1250,-0.0063,-0.0371,-0.2847,0.2872
11.8320,0.9250,1.0750,0.1250,-0.0064,-0.0337,-0.2695,0.2716
11.8320,0.9250,-2.4750,0.0250,-0.0582,-0.1163,0.1621,0.2078
11.8320,0.9250,-2.7750,0.0250,-0.0582,-0.1477,0.2892,0.3299
11.8320,-4.1250,2.6750,0.1750,-0.0011,-0.0029,-0.2847,0.2847
11.8320,0.9250,2.3250,0.1750,0.0763,0.2568,0.1034,0.2872
11.8320,0.9250,1.5750,0.1750,0.0114,0.0183,0.3251,0.3258
11.8320,0.9250,1.3750,0.1750,0.0004,-0.0359,-0.2564,0.2589
11.8320,0.3250,4.5750,0.3750,-0.2198,-0.0064,-0.0782,0.2334
11.8320,0.9250,2.3250,0.2250,0.0111,0.0425,0.4016,0.4040
11.8320,0.9250,2.1250,0.2250,0.0044,-0.0485,-0.3413,0.3447
11.8320,0.9250,1.9250,0.2250,0.0042,-0.0390,-0.3040,0.3065
11.8320,0.9250,1.5750,0.2250,0.0148,0.0587,0.2030,0.2118
11.8320,0.9250,-2.2250,-0.0250,0.0601,0.2715,0.2587,0.3798
11.8320,0.9250,-2.4750,-0.0250,0.0636,0.2672,-0.1682,0.3221
11.8320,-0.7250,4.5750,0.3750,-0.2384,0.0109,0.0321,0.2408
11.8320,-0.3750,4.5750,0.3750,-0.2314,0.0105,0.3533,0.4224
11.8320,0.3250,4.5750,0.4250,-0.2034,-0.0049,-0.0604,0.2122
11.8320,0.4750,4.5750,0.4250,-0.2051,-0.0054,0.0611,0.2141
11.8320,0.6750,4.5750,0.4250,-0.2065,-0.0059,0.1833,0.2762
11.8320,0.9250,2.6750,0.3250,0.0120,0.0599,-0.2098,0.2186
11.8320,-0.0250,4.5750,0.4250,-0.2277,0.0021,0.1217,0.2582
11.8320,0.9250,-1.0250,0.1250,-0.0117,-0.0024,-0.2655,0.2658
11.8320,0.9250,-1.0750,0.1250,-0.0119,-0.0022,-0.2776,0.2778
11.8320,0.9250,-1.3750,0.1250,0.0046,-0.0557,0.3261,0.3309
11.8320,0.9250,-1.5250,0.1250,0.0048,-0.0634,0.3514,0.3571
11.8320,0.9250,-1.6750,0.1250,-0.0676,0.1118,-0.1951,0.2348
11.8320,0.9250,2.3750,0.2750,0.0096,-0.0032,-0.2889,0.2891
11.8320,0.9250,-1.2750,0.1750,-0.0139,0.0187,-0.2626,0.2637
11.8320,0.9250,-1.6750,0.1750,-0.0124,0.0010,-0.3409,0.3411
11.8320,0.9250,-2.2250,0.1750,-0.0655,0.2993,0.0562,0.3115
11.8320,0.9250,1.6250,0.2250,0.0043,-0.0256,-0.2421,0.2435
11.8320,0.9250,-1.8250,0.2250,-0.0032,-0.0170,0.2695,0.2701
11.8320,0.3750,-4.4250,0.1250,-0.0095,-0.0028,-0.2501,0.2503
11.8320,-1.3250,-4.4250,-0.0250,0.1455,-0.0197,0.2549,0.2942
11.8320,-0.0250,4.5750,-0.0250,-0.1706,-0.0031,-0.1689,0.2401
11.8320,0.6750,4.5750,0.0250,-0.1159,0.0062,-0.3071,0.3283
11.8320,-0.6250,-4.4250,0.1750,0.0416,0.0064,0.2661,0.2694
11.8320,0.9250,1.3250,0.1250,0.0592,0.0442,-0.2155,0.2278
11.8320,0.7250,-4.4250,0.4250,0.2315,-0.0090,0.0055,0.2317
11.8320,-1.3250,-4.4250,0.1750,-0.0351,-0.0219,0.2355,0.2392
11.8320,0.9250,1.0250,0.1250,0.0110,0.0076,0.2672,0.2675
11.8320,0.9250,2.0750,0.0250,-0.0656,0.1192,-0.1854,0.2300
11.8320,0.9250,1.8750,0.0250,-0.0124,-0.0246,-0.3838,0.3848
11.8320,-0.4750,-4.4250,0.4250,0.0456,-0.0050,0.4518,0.4541
11.8320,-0.6250,-4.4250,0.3750,0.1989,0.0137,-0.3141,0.3720
11.8320,-0.9750,-4.4250,0.3750,0.2075,0.0148,0.0007,0.2080
11.8320,0.9250,2.0750,-0.0250,-0.0122,0.0198,-0.3419,0.3427
11.8320,0.9250,1.3250,0.0250,-0.0121,-0.0018,-0.2814,0.2817
11.8320,-0.6250,-4.4250,0.4250,0.1842,0.0105,-0.2389,0.3018
11.8320,0.9250,1.0250,0.0250,-0.0128,0.0061,-0.2173,0.2178
11.8320,-1.3250,-4.4250,0.4250,0.1933,0.0207,-0.1947,0.2752
11.8320,0.9250,1.7250,-0.0250,-0.0128,0.0312,-0.2404,0.2427
11.8320,0.9250,0.8750,0.0250,-0.0128,0.0027,-0.2122,0.2126
11.8320,0.9250,-3.1750,0.3750,-0.0136,0.2264,-0.0946,0.2457
11.8320,0.9250,-3.7250,0.4250,-0.0102,0.2613,0.1172,0.2866
11.8320,-1.5250,-4.4250,0.4750,0.0693,0.0022,0.2258,0.2362
11.8320,0.9250,-2.2250,0.2750,-0.0157,0.1016,-0.2334,0.2550
11.8320,0.9250,-2.7750,0.3250,-0.0157,0.1554,-0.2456,0.2910
11.8320,0.5750,-4.4250,0.4750,0.0631,0.0005,-0.1941,0.2041
11.8320,-0.4250,-4.4250,0.4750,0.0503,0.0047,-0.2173,0.2230
11.8320,-2.0750,-4.4250,0.4750,0.0131,0.0104,-0.3916,0.3920
11.8320,-3.2250,-4.4250,0.4750,0.2072,0.0368,0.1694,0.2701
11.8320,0.8750,-1.9750,0.2250,-0.0140,0.0462,-0.3071,0.3109
11.8320,0.5750,-4.4250,0.3750,0.2241,-0.0034,-0.3635,0.4271
11.8320,0.2250,-4.4250,0.4250,0.2058,-0.0020,-0.0366,0.2091
11.8320,-0.2750,-4.4250,0.4250,0.2037,-0.0010,0.3166,0.3764
11.8320,-0.7750,-4.4250,0.4250,0.1881,0.0110,-0.1211,0.2240
11.8320,-1.1250,-4.4250,0.4250,0.1956,0.0119,0.1196,0.2295
11.8320,-1.8750,-4.4250,0.4250,0.2130,0.0224,0.2486,0.3281
11.8320,-4.7750,1.5750,0.1750,0.0033,-0.0228,-0.2231,0.2243
11.8320,0.8750,-1.3750,0.1250,-0.0099,-0.0203,-0.3278,0.3286
11.8320,0.9250,-1.7750,0.1750,-0.0124,0.0024,-0.3550,0.3553
11.8320,-0.2750,-4.4250,0.3250,0.1988,0.0061,-0.1106,0.2276
11.8320,-1.0750,4.5750,-0.0250,-0.1716,-0.0215,-0.3032,0.3491
11.8320,-0.3750,4.5750,-0.0250,-0.1712,-0.0027,0.2256,0.2832
11.8320,0.9250,2.6250,-0.0250,-0.0646,0.1918,0.0074,0.2025
11.8320,0.9250,2.3250,-0.0250,-0.0560,0.2416,-0.0952,0.2656
11.8320,0.8750,1.7250,-0.0250,-0.0052,-0.0138,0.2273,0.2278
11.8320,0.9250,1.9250,0.0250,0.0010,0.0343,-0.2082,0.2110
11.8320,-1.1250,-4.4250,0.2250,0.0905,0.0161,0.2065,0.2261
11.8320,0.1250,4.5750,0.1250,0.0100,-0.0067,-0.2854,0.2857
11.8320,-1.1250,-4.4250,0.1250,0.0084,-0.0140,-0.2014,0.2021
11.8320,-3.4250,3.8750,0.3750,0.0507,0.1040,-0.2657,0.2898
11.8320,0.8750,-1.9750,-0.0250,0.0054,-0.0396,-0.3390,0.3413
11.8320,-0.2750,-4.4250,-0.0250,0.1622,-0.0055,0.1210,0.2024
11.8320,-3.3250,4.0750,0.4250,-0.0912,-0.1936,-0.1002,0.2363
11.8320,0.9250,1.3250,0.1750,0.0128,0.0298,0.2585,0.2605
11.8320,-4.1250,2.6750,0.2750,0.0166,0.0271,-0.2505,0.2525
11.8320,0.9250,2.0750,0.2750,0.0150,0.0978,0.2088,0.2310
11.8320,0.9250,-0.7250,0.0750,0.0109,-0.0140,0.2342,0.2349
11.8320,0.9250,-1.3750,0.0250,0.0102,-0.0129,0.2880,0.2884
11.8320,0.9250,-1.4750,0.0250,0.0100,-0.0117,0.3010,0.3014
11.8320,-2.2750,4.5750,0.2250,0.1131,-0.0254,0.2253,0.2533
11.8320,0.9250,-1.9750,0.0250,0.0075,-0.0443,0.3970,0.3995
11.8320,0.5750,-4.4250,-0.0250,0.1692,0.0111,-0.1957,0.2590
11.8320,0.9250,-1.9750,0.2250,-0.0032,-0.0222,0.3017,0.3025
11.8320,0.5750,-4.4250,0.1750,0.0461,-0.0118,0.1963,0.2020
11.8320,0.9250,-2.2750,0.2750,-0.0062,0.0276,0.2493,0.2509
11.8320,-1.8750,-4.4250,0.1250,0.0050,-0.0291,0.3196,0.3210
11.8320,0.2250,-4.4250,0.3750,0.2224,-0.0027,-0.0486,0.2277
11.8320,0.8750,-4.4250,0.4750,0.0001,0.3068,0.1730,0.3522
11.8320,-0.1750,1.9750,-0.0750,-0.0062,-0.4120,0.0008,0.4121
11.8320,0.0750,1.9750,-0.0750,-0.0303,0.2685,0.0005,0.2702
11.8320,0.5250,1.9250,-0.0750,0.0695,0.3957,-0.0002,0.4018
11.8320,0.9250,-3.1250,0.3250,-0.0153,0.1256,-0.3946,0.4144
11.8320,0.5750,-4.4250,0.4250,0.2074,-0.0026,-0.2739,0.3435
11.8320,-1.4750,-4.4250,0.4750,0.0374,0.0079,-0.2511,0.2540
11.8320,0.9250,-2.4750,0.2250,-0.0130,0.0118,-0.4318,0.4321
11.8320,-4.0750,-4.4750,0.5750,0.0010,0.0107,-0.4219,0.4220
11.8320,0.9250,-1.4750,0.1250,-0.0100,-0.0232,-0.3482,0.3491
11.8320,-5.9250,-4.4250,0.6750,0.1776,0.0318,0.3602,0.4028
11.8320,-7.0250,-4.4750,0.7250,0.1827,0.0389,0.2252,0.2926
11.8320,-8.3750,-3.6750,0.7750,0.0049,0.0010,0.2403,0.2403
11.8320,-0.7750,-4.4250,0.2250,0.0859,0.0156,-0.1860,0.2055
11.8320,-2.5250,-4.4250,0.3250,0.1738,0.0352,0.2836,0.3345
11.8320,-8.3750,1.7250,0.7250,-0.0002,0.0074,-0.2077,0.2078
11.8320,-4.9250,1.2250,0.4750,0.0072,-0.0042,-0.2089,0.2090
11.8320,-4.0250,2.8750,0.4750,-0.0213,-0.0483,-0.4024,0.4059
11.8320,-2.5250,-4.4250,0.1250,0.0009,-0.0289,-0.2996,0.3009
11.8320,-3.3250,4.0750,0.4750,-0.0876,-0.1765,-0.0755,0.2110
11.8320,-3.2250,-4.4250,0.0750,0.0428,-0.0338,-0.2550,0.2608
11.8320,-2.9250,4.5250,0.5250,-0.0935,0.0040,-0.3048,0.3188
11.8320,-1.4250,4.5750,0.4750,-0.0626,0.0060,0.2286,0.2371
11.8320,0.8750,1.7250,0.1750,0.0110,0.0215,0.3358,0.3367
11.8320,-2.4750,4.5750,0.5250,-0.0885,0.0040,-0.2143,0.2319
11.8320,-1.4750,4.5750,0.4750,-0.0724,0.0014,-0.2598,0.2697
11.8320,-3.7250,3.3750,0.3750,0.0460,0.0978,0.1731,0.2041
11.8320,-0.2750,-2.6250,-0.0750,0.1931,0.1865,-0.0209,0.2693
11.8320,-2.4750,4.5250,0.0750,-0.0505,-0.0378,-0.2521,0.2598
11.8320,-1.2750,4.5750,-0.0250,-0.1743,-0.0214,-0.1021,0.2032
11.8320,0.9250,-3.2250,0.3250,-0.0054,0.0304,0.4077,0.4089
11.8320,-0.0250,2.0250,-0.0750,-0.0736,-0.3281,0.0014,0.3362
11.8320,-4.9250,1.2250,-0.0250,-0.0141,-0.0588,0.1939,0.2031
11.8320,-8.3750,-1.1250,0.4750,0.0050,-0.0263,0.2404,0.2419
11.8320,-4.6750,1.7250,0.1250,-0.0067,-0.0270,0.2518,0.2533
11.8320,-4.0250,2.8750,0.0250,-0.0488,-0.0653,0.1880,0.2049
11.8320,0.7750,1.8250,-0.0750,-0.1642,-0.2965,-0.0003,0.3389
11.8320,-4.6750,1.7250,0.2250,0.0071,-0.0008,0.2277,0.2278
11.8320,-4.3750,2.2250,0.1750,-0.0015,-0.0024,0.3045,0.3045
11.8320,-3.7250,3.3750,0.0750,-0.0418,-0.0364,0.2607,0.2665
11.8320,-3.4750,-4.4750,0.5750,0.0355,0.0113,-0.2033,0.2066
11.8320,-5.4750,-4.4250,0.6750,0.0173,0.0107,-0.2851,0.2858
11.8320,-4.3750,2.2250,0.2750,0.0154,0.0279,0.2665,0.2684
11.8320,-3.7250,3.3750,0.1750,-0.0019,0.0270,0.2439,0.2454
11.8320,-2.9250,4.5250,0.0750,-0.0515,-0.0374,0.2002,0.2101
11.8320,-3.7250,3.3750,0.2750,0.0292,0.0748,0.2134,0.2280
11.8320,-4.0750,-4.4750,0.4750,0.2047,0.0454,0.1451,0.2550
11.8320,-3.4250,3.8750,0.5250,-0.0299,-0.0647,-0.1948,0.2075
11.8320,-4.7750,1.5750,0.0750,-0.0048,-0.0416,-0.2387,0.2423
11.8320,-0.7750,-1.7750,-0.0750,-0.0926,-0.2922,-0.0007,0.3065
11.8320,-3.5250,3.6750,-0.0250,-0.0826,-0.1039,-0.1750,0.2196
11.8320,-0.5750,4.5750,0.1250,-0.0071,-0.0123,-0.2252,0.2257
11.8320,-1.7250,0.8750,-0.0750,0.2857,-0.1621,0.0002,0.3285
11.8320,-1.6750,1.0250,-0.0750,-0.4560,0.2501,-0.0004,0.5201
11.8320,-1.0750,1.6750,-0.0750,-0.1704,0.1426,0.0067,0.2223
11.8320,-1.4750,1.3250,-0.0750,-0.2884,0.1904,0.0063,0.3457
11.8320,-0.7250,1.8250,-0.0750,0.0391,-0.1967,0.0034,0.2005
11.8320,0.9250,2.6250,-0.0750,-0.0549,0.3061,-0.0014,0.3110
11.8320,-0.9250,1.7250,-0.0750,-0.2012,0.2931,0.0030,0.3555
11.8320,-0.4750,1.9250,-0.0750,-0.1128,0.3026,0.0009,0.3230
11.8320,-0.9750,2.1750,-0.0750,-0.2043,0.0858,0.0005,0.2216
11.8320,-0.6750,2.1250,-0.0750,-0.2108,0.2178,0.0085,0.3032
11.8320,-5.1250,-4.4250,0.5750,0.1934,0.0446,0.0734,0.2117
11.8320,-0.7250,-2.0750,-0.0750,0.0042,-0.3372,-0.0055,0.3373
11.8320,-1.7750,-0.8750,-0.0750,0.1980,0.0744,-0.0049,0.2116
11.8320,-1.9250,-0.6750,-0.0750,0.1976,0.0463,-0.0030,0.2030
11.8320,-1.9250,-0.1250,-0.0750,0.2225,0.0069,0.0020,0.2226
11.8320,-1.9750,0.1250,-0.0750,0.3008,-0.0301,0.0018,0.3023
11.8320,-2.0250,0.3250,-0.0750,0.3301,-0.0808,0.0068,0.3399
11.8320,-1.9750,-0.0250,-0.0750,-0.3763,-0.0222,0.0046,0.3770
11.8320,-1.9250,0.1750,-0.0750,-0.2665,0.0155,0.0007,0.2669
11.8320,-1.6250,1.2750,-0.0750,0.1159,-0.1695,0.0082,0.2055
11.8320,-1.9250,0.4750,-0.0750,-0.2311,0.0343,0.0063,0.2337
11.8320,-1.6250,1.0750,-0.0750,-0.2697,0.1505,0.0018,0.3089
11.8320,-1.3250,1.6250,-0.0750,-0.1900,0.0983,0.0059,0.2140
11.8320,-2.5250,0.7250,-0.0750,0.2353,-0.1235,0.0044,0.2657
12.8320,-1.0750,4.5750,0.0750,-0.0601,-0.0216,-0.2999,0.3066
12.8320,-0.3750,4.5750,0.0750,-0.0632,-0.0030,0.2240,0.2327
12.8320,0.9250,-0.7750,0.0750,-0.0094,-0.0082,-0.2368,0.2372
12.8320,0.9250,-0.9250,0.0750,-0.0064,-0.0164,-0.2543,0.2549
12.8320,-0.1250,-4.4250,0.0750,0.0612,-0.0058,0.3094,0.3155
12.8320,-0.6250,-4.4250,0.0750,0.0614,-0.0056,-0.2635,0.2706
12.8320,-1.3250,-4.4250,0.0750,0.0542,-0.0214,0.2512,0.2579
12.8320,-2.9250,4.5250,0.1750,0.0721,-0.0333,0.1856,0.2019
12.8320,0.9250,2.6250,0.1750,0.0775,0.3109,-0.0043,0.3205
12.8320,0.9250,2.0750,0.1250,0.0710,0.1415,-0.1381,0.2101
12.8320,0.9250,1.4750,0.1250,-0.0068,-0.0520,-0.3455,0.3494
12.8320,0.9250,1.2250,0.1250,-0.0066,-0.0415,-0.3045,0.3074
12.8320,0.9250,1.1250,0.1250,-0.0063,-0.0371,-0.2847,0.2872
12.8320,0.9250,1.0750,0.1250,-0.0064,-0.0337,-0.2695,0.2716
12.8320,0.9250,-2.4750,0.0250,-0.0582,-0.1163,0.1621,0.2078
12.8320,0.9250,-2.7750,0.0250,-0.0582,-0.1477,0.2892,0.3299
12.8320,-4.1250,2.6750,0.1750,-0.0011,-0.0029,-0.2847,0.2847
12.8320,0.9250,2.3250,0.1750,0.0763,0.2568,0.1034,0.2872
12.8320,0.9250,1.5750,0.1750,0.0114,0.0183,0.3251,0.3258
12.8320,0.9250,1.3750,0.1750,0.0004,-0.0359,-0.2564,0.2589
12.8320,0.3250,4.5750,0.3750,-0.2198,-0.0064,-0.0782,0.2334
12.8320,0.9250,2.3250,0.2250,0.0111,0.0425,0.4016,0.4040
12.8320,0.9250,1.5750,0.2250,0.0148,0.0587,0.2030,0.2118
12.8320,0.9250,-2.2250,-0.0250,0.0601,0.2715,0.2587,0.3798
12.8320,0.9250,-2.4750,-0.0250,0.0636,0.2672,-0.1682,0.3221
12.8320,-0.7250,4.5750,0.3750,-0.2384,0.0109,0.0321,0.2408
12.8320,-0.3750,4.5750,0.3750,-0.2314,0.0105,0.3533,0.4224
12.8320,0.3250,4.5750,0.4250,-0.2034,-0.0049,-0.0603,0.2122
12.8320,0.4750,4.5750,0.4250,-0.2051,-0.0054,0.0611,0.2141
12.8320,0.6750,4.5750,0.4250,-0.2065,-0.0059,0.1833,0.2762
12.8320,0.9250,2.6750,0.3250,0.0120,0.0599,-0.2098,0.2186
12.8320,-0.0250,4.5750,0.4250,-0.2277,0.0021,0.1217,0.2582
12.8320,0.9250,-1.0250,0.1250,-0.0117,-0.0024,-0.2655,0.2658
12.8320,0.9250,-1.0750,0.1250,-0.0119,-0.0022,-0.2776,0.2778
12.8320,0.9250,-1.6750,0.1250,-0.0676,0.1118,-0.1951,0.2348
12.8320,0.9250,2.3750,0.2750,0.0096,-0.0032,-0.2889,0.2891
12.8320,0.9250,-1.2750,0.1750,-0.0139,0.0187,-0.2626,0.2637
12.8320,0.9250,-1.6750,0.1750,-0.0124,0.0010,-0.3409,0.3411
12.8320,0.9250,-2.2250,0.1750,-0.0655,0.2993,0.0562,0.3115
12.8320,0.9250,-1.8250,0.2250,-0.0032,-0.0170,0.2695,0.2701
12.8320,0.3750,-4.4250,0.1250,-0.0095,-0.0028,-0.2501,0.2503
12.8320,-1.3250,-4.4250,-0.0250,0.1456,-0.0197,0.2549,0.2942
12.8320,-0.0250,4.5750,-0.0250,-0.1706,-0.0031,-0.1689,0.2401
12.8320,0.6750,4.5750,0.0250,-0.1159,0.0061,-0.3071,0.3283
12.8320,-0.6250,-4.4250,0.1750,0.0416,0.0064,0.2661,0.2694
12.8320,0.9250,1.3250,0.1250,0.0592,0.0442,-0.2155,0.2278
12.8320,0.7250,-4.4250,0.4250,0.2315,-0.0090,0.0055,0.2317
12.8320,-1.3250,-4.4250,0.1750,-0.0351,-0.0219,0.2355,0.2392
12.8320,0.9250,1.0250,0.1250,0.0110,0.0076,0.2672,0.2675
12.8320,0.9250,2.0750,0.0250,-0.0656,0.1192,-0.1854,0.2300
12.8320,0.9250,1.8750,0.0250,-0.0124,-0.0246,-0.3838,0.3848
12.8320,-0.4750,-4.4250,0.4250,0.0456,-0.0050,0.4518,0.4541
12.8320,-0.6250,-4.4250,0.3750,0.1989,0.0137,-0.3141,0.3720
12.8320,-0.9750,-4.4250,0.3750,0.2075,0.0148,0.0007,0.2080
12.8320,0.9250,2.0750,-0.0250,-0.0122,0.0198,-0.3419,0.3427
12.8320,0.9250,1.3250,0.0250,-0.0121,-0.0018,-0.2814,0.2817
12.8320,-0.6250,-4.4250,0.4250,0.1842,0.0105,-0.2389,0.3018
12.8320,0.9250,1.0250,0.0250,-0.0128,0.0061,-0.2173,0.2178
12.8320,-1.3250,-4.4250,0.4250,0.1933,0.0207,-0.1947,0.2752
12.8320,0.9250,1.7250,-0.0250,-0.0128,0.0312,-0.2404,0.2427
12.8320,0.9250,0.8750,0.0250,-0.0128,0.0027,-0.2122,0.2126
12.8320,0.9250,-3.1750,0.3750,-0.0136,0.2264,-0.0946,0.2457
12.8320,0.9250,-3.7250,0.4250,-0.0102,0.2613,0.1172,0.2866
12.8320,-1.5250,-4.4250,0.4750,0.0693,0.0022,0.2258,0.2362
12.8320,0.9250,-2.2250,0.2750,-0.0157,0.1016,-0.2334,0.2550
12.8320,0.9250,-2.7750,0.3250,-0.0157,0.1553,-0.2456,0.2910
12.8320,0.5750,-4.4250,0.4750,0.0631,0.0005,-0.1941,0.2041
12.8320,-0.4250,-4.4250,0.4750,0.0503,0.0047,-0.2173,0.2230
12.8320,-2.0750,-4.4250,0.4750,0.0131,0.0104,-0.3916,0.3920
12.8320,-3.2250,-4.4250,0.4750,0.2072,0.0368,0.1694,0.2701
12.8320,0.8750,-1.9750,0.2250,-0.0140,0.0462,-0.3071,0.3109
12.8320,0.5750,-4.4250,0.3750,0.2241,-0.0034,-0.3635,0.4271
12.8320,0.2250,-4.4250,0.4250,0.2058,-0.0020,-0.0366,0.2091
12.8320,-0.2750,-4.4250,0.4250,0.2037,-0.0010,0.3166,0.3764
12.8320,-0.7750,-4.4250,0.4250,0.1881,0.0110,-0.1211,0.2240
12.8320,-1.1250,-4.4250,0.4250,0.1956,0.0119,0.1196,0.2295
12.8320,-1.8750,-4.4250,0.4250,0.2130,0.0224,0.2486,0.3281
12.8320,-4.7750,1.5750,0.1750,0.0033,-0.0228,-0.2231,0.2243
12.8320,0.8750,-1.3750,0.1250,-0.0099,-0.0203,-0.3278,0.3286
12.8320,0.9250,-1.7750,0.1750,-0.0124,0.0024,-0.3550,0.3553
12.8320,-0.2750,-4.4250,0.3250,0.1988,0.0061,-0.1106,0.2276
12.8320,-1.0750,4.5750,-0.0250,-0.1716,-0.0215,-0.3032,0.3491
12.8320,-0.3750,4.5750,-0.0250,-0.1712,-0.0027,0.2256,0.2832
12.8320,0.9250,2.6250,-0.0250,-0.0646,0.1918,0.0074,0.2025
12.8320,0.9250,2.3250,-0.0250,-0.0560,0.2416,-0.0952,0.2656
12.8320,0.8750,1.7250,-0.0250,-0.0052,-0.0138,0.2273,0.2278
12.8320,0.9250,1.9250,0.0250,0.0010,0.0343,-0.2082,0.2110
12.8320,-1.1250,-4.4250,0.2250,0.0905,0.0161,0.2065,0.2261
12.8320,0.1250,4.5750,0.1250,0.0100,-0.0066,-0.2854,0.2857
12.8320,-1.1250,-4.4250,0.1250,0.0084,-0.0140,-0.2014,0.2021
12.8320,-3.4250,3.8750,0.3750,0.0507,0.1040,-0.2657,0.2898
12.8320,0.8750,-1.9750,-0.0250,0.0054,-0.0396,-0.3390,0.3413
12.8320,-3.3250,4.0750,0.4250,-0.0913,-0.1935,-0.1002,0.2363
12.8320,0.9250,1.3250,0.1750,0.0128,0.0298,0.2585,0.2605
12.8320,-4.1250,2.6750,0.2750,0.0166,0.0271,-0.2505,0.2525
12.8320,0.9250,2.0750,0.2750,0.0150,0.0978,0.2088,0.2310
12.8320,0.9250,-0.7250,0.0750,0.0109,-0.0140,0.2342,0.2349
12.8320,0.9250,-1.3750,0.0250,0.0102,-0.0129,0.2880,0.2884
12.8320,0.9250,-1.4750,0.0250,0.0100,-0.0117,0.3010,0.3014
12.8320,-2.2750,4.5750,0.2250,0.1131,-0.0254,0.2253,0.2533
12.8320,0.9250,-1.9750,0.0250,0.0075,-0.0443,0.3970,0.3995
12.8320,0.5750,-4.4250,-0.0250,0.1692,0.0110,-0.1957,0.2590
12.8320,0.9250,-1.9750,0.2250,-0.0032,-0.0222,0.3017,0.3025
12.8320,0.5750,-4.4250,0.1750,0.0461,-0.0118,0.1963,0.2020
12.8320,-1.8750,-4.4250,0.1250,0.0050,-0.0291,0.3196,0.3210
12.8320,0.2250,-4.4250,0.3750,0.2224,-0.0027,-0.0486,0.2277
12.8320,0.8750,-4.4250,0.4750,0.0001,0.3067,0.1730,0.3521
12.8320,-0.1750,1.9750,-0.0750,-0.0062,-0.4120,0.0008,0.4121
12.8320,0.0750,1.9750,-0.0750,-0.0303,0.2685,0.0005,0.2702
12.8320,0.5250,1.9250,-0.0750,0.0695,0.3957,-0.0002,0.4018
12.8320,0.9250,-3.1250,0.3250,-0.0153,0.1256,-0.3946,0.4144
12.8320,0.5750,-4.4250,0.4250,0.2074,-0.0026,-0.2739,0.3435
12.8320,-1.4750,-4.4250,0.4750,0.0374,0.0079,-0.2511,0.2540
12.8320,0.9250,-2.4750,0.2250,-0.0130,0.0118,-0.4318,0.4321
12.8320,-4.0750,-4.4750,0.5750,0.0010,0.0107,-0.4219,0.4220
12.8320,0.9250,-1.4750,0.1250,-0.0100,-0.0232,-0.3482,0.3491
12.8320,-5.9250,-4.4250,0.6750,0.1776,0.0318,0.3602,0.4029
12.8320,-7.0250,-4.4750,0.7250,0.1827,0.0389,0.2252,0.2926
12.8320,-8.3750,-3.6750,0.7750,0.0049,0.0010,0.2403,0.2403
12.8320,-0.7750,-4.4250,0.2250,0.0859,0.0156,-0.1860,0.2055
12.8320,-2.5250,-4.4250,0.3250,0.1738,0.0352,0.2836,0.3345
12.8320,-8.3750,1.7250,0.7250,-0.0002,0.0075,-0.2077,0.2078
12.8320,-4.9250,1.2250,0.4750,0.0072,-0.0042,-0.2089,0.2090
12.8320,-4.0250,2.8750,0.4750,-0.0213,-0.0483,-0.4024,0.4059
12.8320,-2.5250,-4.4250,0.1250,0.0009,-0.0289,-0.2996,0.3009
12.8320,-3.3250,4.0750,0.4750,-0.0876,-0.1765,-0.0755,0.2110
12.8320,-3.2250,-4.4250,0.0750,0.0429,-0.0338,-0.2550,0.2608
12.8320,-2.9250,4.5250,0.5250,-0.0935,0.0040,-0.3048,0.3188
12.8320,-1.4250,4.5750,0.4750,-0.0626,0.0060,0.2286,0.2371
12.8320,0.8750,1.7250,0.1750,0.0110,0.0215,0.3358,0.3367
12.8320,-2.4750,4.5750,0.5250,-0.0885,0.0040,-0.2143,0.2319
12.8320,-1.4750,4.5750,0.4750,-0.0724,0.0014,-0.2598,0.2697
12.8320,-3.7250,3.3750,0.3750,0.0459,0.0979,0.1731,0.2041
12.8320,-0.2750,-2.6250,-0.0750,0.1931,0.1866,-0.0209,0.2694
12.8320,-2.4750,4.5250,0.0750,-0.0505,-0.0377,-0.2521,0.2598
12.8320,-1.2750,4.5750,-0.0250,-0.1743,-0.0214,-0.1021,0.2032
12.8320,-0.0250,2.0250,-0.0750,-0.0736,-0.3281,0.0014,0.3362
12.8320,-4.9250,1.2250,-0.0250,-0.0141,-0.0588,0.1939,0.2031
12.8320,-8.3750,-1.1250,0.4750,0.0050,-0.0263,0.2404,0.2419
12.8320,-4.6750,1.7250,0.1250,-0.0067,-0.0270,0.2518,0.2533
12.8320,-4.0250,2.8750,0.0250,-0.0488,-0.0653,0.1880,0.2049
12.8320,0.7750,1.8250,-0.0750,-0.1642,-0.2965,-0.0003,0.3389
12.8320,-4.6750,1.7250,0.2250,0.0071,-0.0008,0.2277,0.2278
12.8320,-4.3750,2.2250,0.1750,-0.0015,-0.0025,0.3045,0.3045
12.8320,-3.7250,3.3750,0.0750,-0.0418,-0.0364,0.2607,0.2665
12.8320,-3.4750,-4.4750,0.5750,0.0355,0.0113,-0.2033,0.2067
12.8320,-5.4750,-4.4250,0.6750,0.0173,0.0107,-0.2851,0.2858
12.8320,-4.3750,2.2250,0.2750,0.0154,0.0279,0.2665,0.2684
12.8320,-3.7250,3.3750,0.1750,-0.0019,0.0270,0.2439,0.2454
12.8320,-2.9250,4.5250,0.0750,-0.0515,-0.0374,0.2002,0.2101
12.8320,-3.7250,3.3750,0.2750,0.0292,0.0748,0.2134,0.2280
12.8320,-4.0750,-4.4750,0.4750,0.2047,0.0454,0.1451,0.2550
12.8320,-3.4250,3.8750,0.5250,-0.0299,-0.0647,-0.1948,0.2075
12.8320,-4.7750,1.5750,0.0750,-0.0048,-0.0416,-0.2387,0.2423
12.8320,-0.7750,-1.7750,-0.0750,-0.0926,-0.2922,-0.0007,0.3065
12.8320,-3.5250,3.6750,-0.0250,-0.0827,-0.1038,-0.1750,0.2196
12.8320,-0.5750,4.5750,0.1250,-0.0071,-0.0123,-0.2252,0.2257
12.8320,-1.7250,0.8750,-0.0750,0.2857,-0.1621,0.0002,0.3285
12.8320,-1.0750,1.6750,-0.0750,-0.1704,0.1426,0.0067,0.2223
12.8320,-1.4750,1.3250,-0.0750,-0.2884,0.1904,0.0063,0.3456
12.8320,-0.7250,1.8250,-0.0750,0.0391,-0.1966,0.0034,0.2005
12.8320,0.9250,2.6250,-0.0750,-0.0549,0.3061,-0.0014,0.3110
12.8320,-0.9250,1.7250,-0.0750,-0.2012,0.2931,0.0030,0.3555
12.8320,-0.4750,1.9250,-0.0750,-0.1128,0.3026,0.0009,0.3230
12.8320,-0.9750,2.1750,-0.0750,-0.2043,0.0858,0.0005,0.2216
12.8320,-0.6750,2.1250,-0.0750,-0.2108,0.2178,0.0085,0.3032
12.8320,-5.1250,-4.4250,0.5750,0.1934,0.0446,0.0734,0.2116
12.8320,-0.7250,-2.0750,-0.0750,0.0042,-0.3371,-0.0055,0.3372
12.8320,-1.9250,-0.6750,-0.0750,0.1976,0.0463,-0.0030,0.2029
12.8320,-1.9250,-0.1250,-0.0750,0.2224,0.0069,0.0020,0.2226
12.8320,-1.9750,0.1250,-0.0750,0.3008,-0.0301,0.0018,0.3023
12.8320,-2.0250,0.3250,-0.0750,0.3301,-0.0808,0.0068,0.3399
12.8320,-1.9750,-0.0250,-0.0750,-0.3763,-0.0222,0.0046,0.3770
12.8320,-1.9250,0.1750,-0.0750,-0.2665,0.0155,0.0007,0.2669
12.8320,-1.6250,1.2750,-0.0750,0.1159,-0.1695,0.0082,0.2055
12.8320,-1.9250,0.4750,-0.0750,-0.2311,0.0343,0.0063,0.2337
12.8320,-1.3250,1.6250,-0.0750,-0.1900,0.0983,0.0059,0.2140
12.8320,-2.5250,0.7250,-0.0750,0.2353,-0.1235,0.0044,0.2658
12.8320,-8.3750,1.0750,-0.0250,-0.0113,-0.0477,0.2018,0.2077
13.8320,-1.0750,4.5750,0.0750,-0.0601,-0.0216,-0.2999,0.3066
13.8320,-0.3750,4.5750,0.0750,-0.0632,-0.0030,0.2240,0.2327
13.8320,0.9250,-0.7750,0.0750,-0.0094,-0.0082,-0.2368,0.2372
13.8320,0.9250,-0.9250,0.0750,-0.0064,-0.0164,-0.2543,0.2549
13.8320,-0.1250,-4.4250,0.0750,0.0612,-0.0058,0.3094,0.3155
13.8320,-0.6250,-4.4250,0.0750,0.0614,-0.0056,-0.2635,0.2706
13.8320,-1.3250,-4.4250,0.0750,0.0542,-0.0214,0.2512,0.2579
13.8320,-2.9250,4.5250,0.1750,0.0722,-0.0333,0.1856,0.2019
13.8320,0.9250,2.6250,0.1750,0.0775,0.3109,-0.0043,0.3205
13.8320,0.9250,2.0750,0.1250,0.0710,0.1415,-0.1381,0.2101
13.8320,0.9250,1.4750,0.1250,-0.0068,-0.0520,-0.3455,0.3494
13.8320,0.9250,1.2250,0.1250,-0.0066,-0.0415,-0.3045,0.3074
13.8320,0.9250,1.1250,0.1250,-0.0063,-0.0371,-0.2847,0.2872
13.8320,0.9250,1.0750,0.1250,-0.0063,-0.0337,-0.2695,0.2716
13.8320,0.9250,-2.4750,0.0250,-0.0582,-0.1163,0.1621,0.2078
13.8320,0.9250,-2.7750,0.0250,-0.0582,-0.1477,0.2892,0.3299
13.8320,-4.1250,2.6750,0.1750,-0.0009,-0.0030,-0.2847,0.2847
13.8320,0.9250,2.3250,0.1750,0.0763,0.2568,0.1034,0.2872
13.8320,0.9250,1.5750,0.1750,0.0114,0.0183,0.3251,0.3258
13.8320,0.9250,1.3750,0.1750,0.0004,-0.0359,-0.2564,0.2589
13.8320,0.3250,4.5750,0.3750,-0.2198,-0.0064,-0.0782,0.2334
13.8320,0.9250,2.3250,0.2250,0.0111,0.0425,0.4016,0.4040
13.8320,0.9250,1.5750,0.2250,0.0148,0.0587,0.2030,0.2118
13.8320,0.9250,-2.2250,-0.0250,0.0601,0.2715,0.2587,0.3798
13.8320,0.9250,-2.4750,-0.0250,0.0636,0.2672,-0.1682,0.3221
13.8320,-0.7250,4.5750,0.3750,-0.2384,0.0109,0.0321,0.2408
13.8320,-0.3750,4.5750,0.3750,-0.2314,0.0105,0.3533,0.4224
13.8320,0.3250,4.5750,0.4250,-0.2034,-0.0049,-0.0604,0.2122
13.8320,0.4750,4.5750,0.4250,-0.2051,-0.0054,0.0611,0.2141
13.8320,0.6750,4.5750,0.4250,-0.2065,-0.0059,0.1833,0.2762
13.8320,0.9250,2.6750,0.3250,0.0120,0.0599,-0.2098,0.2186
13.8320,-0.0250,4.5750,0.4250,-0.2277,0.0021,0.1217,0.2582
13.8320,0.9250,-1.0250,0.1250,-0.0117,-0.0024,-0.2655,0.2658
13.8320,0.9250,-1.0750,0.1250,-0.0119,-0.0022,-0.2776,0.2778
13.8320,0.9250,-1.6750,0.1250,-0.0676,0.1118,-0.1951,0.2348
13.8320,0.9250,2.3750,0.2750,0.0096,-0.0032,-0.2889,0.2891
13.8320,0.9250,-1.2750,0.1750,-0.0139,0.0187,-0.2626,0.2637
13.8320,0.9250,-1.6750,0.1750,-0.0124,0.0010,-0.3409,0.3411
13.8320,0.9250,-2.2250,0.1750,-0.0655,0.2993,0.0562,0.3115
13.8320,0.9250,-1.8250,0.2250,-0.0032,-0.0170,0.2695,0.2701
13.8320,0.3750,-4.4250,0.1250,-0.0095,-0.0028,-0.2501,0.2503
13.8320,-1.3250,-4.4250,-0.0250,0.1455,-0.0197,0.2549,0.2942
13.8320,-0.0250,4.5750,-0.0250,-0.1706,-0.0031,-0.1689,0.2401
13.8320,0.6750,4.5750,0.0250,-0.1159,0.0062,-0.3071,0.3283
13.8320,-0.6250,-4.4250,0.1750,0.0416,0.0064,0.2661,0.2694
13.8320,0.9250,1.3250,0.1250,0.0592,0.0442,-0.2155,0.2278
13.8320,0.7250,-4.4250,0.4250,0.2315,-0.0090,0.0055,0.2317
13.8320,-1.3250,-4.4250,0.1750,-0.0351,-0.0219,0.2355,0.2392
13.8320,0.9250,1.0250,0.1250,0.0110,0.0076,0.2672,0.2675
13.8320,0.9250,2.0750,0.0250,-0.0656,0.1192,-0.1854,0.2300
13.8320,0.9250,1.8750,0.0250,-0.0124,-0.0246,-0.3838,0.3848
13.8320,-0.4750,-4.4250,0.4250,0.0456,-0.0050,0.4518,0.4541
13.8320,-0.6250,-4.4250,0.3750,0.1989,0.0137,-0.3141,0.3720
13.8320,-0.9750,-4.4250,0.3750,0.2075,0.0148,0.0007,0.2080
13.8320,0.9250,2.0750,-0.0250,-0.0122,0.0198,-0.3419,0.3427
13.8320,0.9250,1.3250,0.0250,-0.0121,-0.0018,-0.2814,0.2817
13.8320,-0.6250,-4.4250,0.4250,0.1842,0.0105,-0.2389,0.3018
13.8320,0.9250,1.0250,0.0250,-0.0128,0.0061,-0.2173,0.2178
13.8320,-1.3250,-4.4250,0.4250,0.1933,0.0207,-0.1947,0.2752
13.8320,0.9250,1.7250,-0.0250,-0.0128,0.0312,-0.2404,0.2427
13.8320,0.9250,0.8750,0.0250,-0.0128,0.0027,-0.2122,0.2126
13.8320,0.9250,-3.1750,0.3750,-0.0136,0.2264,-0.0946,0.2457
13.8320,0.9250,-3.7250,0.4250,-0.0102,0.2614,0.1172,0.2866
13.8320,-0.4250,-4.4250,0.4750,0.0503,0.0047,-0.2173,0.2230
13.8320,-2.0750,-4.4250,0.4750,0.0131,0.0104,-0.3916,0.3920
13.8320,-3.2250,-4.4250,0.4750,0.2072,0.0368,0.1694,0.2701
13.8320,0.8750,-1.9750,0.2250,-0.0140,0.0462,-0.3071,0.3109
13.8320,0.5750,-4.4250,0.3750,0.2241,-0.0034,-0.3635,0.4271
13.8320,0.2250,-4.4250,0.4250,0.2058,-0.0020,-0.0366,0.2091
13.8320,-0.2750,-4.4250,0.4250,0.2037,-0.0010,0.3166,0.3764
13.8320,-0.7750,-4.4250,0.4250,0.1881,0.0110,-0.1211,0.2240
13.8320,-1.1250,-4.4250,0.4250,0.1956,0.0119,0.1196,0.2295
13.8320,-1.8750,-4.4250,0.4250,0.2130,0.0224,0.2486,0.3281
13.8320,-4.7750,1.5750,0.1750,0.0033,-0.0228,-0.2231,0.2243
13.8320,0.8750,-1.3750,0.1250,-0.0099,-0.0203,-0.3278,0.3286
13.8320,0.9250,-1.7750,0.1750,-0.0124,0.0024,-0.3550,0.3553
13.8320,-0.2750,-4.4250,0.3250,0.1988,0.0061,-0.1106,0.2276
13.8320,-1.0750,4.5750,-0.0250,-0.1716,-0.0215,-0.3032,0.3491
13.8320,-0.3750,4.5750,-0.0250,-0.1712,-0.0027,0.2256,0.2832
13.8320,0.9250,2.6250,-0.0250,-0.0646,0.1918,0.0074,0.2025
13.8320,0.9250,2.3250,-0.0250,-0.0560,0.2416,-0.0952,0.2656
13.8320,0.8750,1.7250,-0.0250,-0.0052,-0.0138,0.2273,0.2278
13.8320,0.9250,1.9250,0.0250,0.0010,0.0343,-0.2082,0.2110
13.8320,-1.1250,-4.4250,0.2250,0.0905,0.0161,0.2065,0.2261
13.8320,0.1250,4.5750,0.1250,0.0100,-0.0067,-0.2854,0.2857
13.8320,-1.1250,-4.4250,0.1250,0.0084,-0.0140,-0.2014,0.2021
13.8320,-3.4250,3.8750,0.3750,0.0507,0.1039,-0.2657,0.2898
13.8320,0.8750,-1.9750,-0.0250,0.0054,-0.0396,-0.3390,0.3413
13.8320,-3.3250,4.0750,0.4250,-0.0913,-0.1935,-0.1002,0.2363
13.8320,0.9250,1.3250,0.1750,0.0128,0.0298,0.2585,0.2605
13.8320,-4.1250,2.6750,0.2750,0.0166,0.0271,-0.2505,0.2525
13.8320,0.9250,2.0750,0.2750,0.0150,0.0978,0.2088,0.2310
13.8320,0.9250,-0.7250,0.0750,0.0109,-0.0140,0.2342,0.2349
13.8320,0.9250,-1.3750,0.0250,0.0102,-0.0129,0.2880,0.2884
13.8320,0.9250,-1.4750,0.0250,0.0100,-0.0117,0.3010,0.3014
13.8320,-2.2750,4.5750,0.2250,0.1131,-0.0254,0.2253,0.2533
13.8320,0.9250,-1.9750,0.0250,0.0075,-0.0443,0.3970,0.3995
13.8320,0.5750,-4.4250,-0.0250,0.1692,0.0111,-0.1957,0.2590
13.8320,0.9250,-1.9750,0.2250,-0.0032,-0.0222,0.3017,0.3025
13.8320,0.5750,-4.4250,0.1750,0.0461,-0.0118,0.1963,0.2020
13.8320,-1.8750,-4.4250,0.1250,0.0050,-0.0291,0.3196,0.3210
13.8320,0.2250,-4.4250,0.3750,0.2224,-0.0027,-0.0486,0.2277
13.8320,0.8750,-4.4250,0.4750,0.0001,0.3067,0.1730,0.3522
13.8320,-0.1750,1.9750,-0.0750,-0.0062,-0.4120,0.0008,0.4121
13.8320,0.5250,1.9250,-0.0750,0.0695,0.3957,-0.0002,0.4018
13.8320,0.9250,-3.1250,0.3250,-0.0153,0.1256,-0.3946,0.4144
13.8320,0.5750,-4.4250,0.4250,0.2074,-0.0026,-0.2739,0.3435
13.8320,-1.4750,-4.4250,0.4750,0.0374,0.0079,-0.2511,0.2540
13.8320,0.9250,-2.4750,0.2250,-0.0130,0.0118,-0.4318,0.4321
13.8320,-4.0750,-4.4750,0.5750,0.0010,0.0107,-0.4219,0.4220
13.8320,0.9250,-1.4750,0.1250,-0.0100,-0.0232,-0.3482,0.3491
13.8320,-5.9250,-4.4250,0.6750,0.1775,0.0318,0.3602,0.4028
13.8320,-7.0250,-4.4750,0.7250,0.1827,0.0389,0.2252,0.2926
13.8320,-8.3750,-3.6750,0.7750,0.0049,0.0010,0.2403,0.2403
13.8320,-0.7750,-4.4250,0.2250,0.0859,0.0156,-0.1860,0.2055
13.8320,-2.5250,-4.4250,0.3250,0.1738,0.0352,0.2836,0.3345
13.8320,-8.3750,1.7250,0.7250,-0.0002,0.0074,-0.2077,0.2078
13.8320,-4.9250,1.2250,0.4750,0.0072,-0.0042,-0.2089,0.2090
13.8320,-4.0250,2.8750,0.4750,-0.0213,-0.0483,-0.4024,0.4059
13.8320,-2.5250,-4.4250,0.1250,0.0009,-0.0289,-0.2996,0.3009
13.8320,-3.3250,4.0750,0.4750,-0.0876,-0.1765,-0.0755,0.2110
13.8320,-3.2250,-4.4250,0.0750,0.0428,-0.0338,-0.2550,0.2608
13.8320,-2.9250,4.5250,0.5250,-0.0935,0.0040,-0.3048,0.3188
13.8320,-1.4250,4.5750,0.4750,-0.0626,0.0060,0.2286,0.2371
13.8320,0.8750,1.7250,0.1750,0.0110,0.0215,0.3358,0.3367
13.8320,-2.4750,4.5750,0.5250,-0.0885,0.0040,-0.2143,0.2319
13.8320,-1.4750,4.5750,0.4750,-0.0724,0.0014,-0.2598,0.2697
13.8320,-3.7250,3.3750,0.3750,0.0460,0.0978,0.1731,0.2041
13.8320,-0.2750,-2.6250,-0.0750,0.1931,0.1862,-0.0209,0.2691
13.8320,-2.4750,4.5250,0.0750,-0.0505,-0.0378,-0.2521,0.2598
13.8320,-1.2750,4.5750,-0.0250,-0.1743,-0.0214,-0.1021,0.2032
13.8320,-4.9250,1.2250,-0.0250,-0.0141,-0.0588,0.1939,0.2031
13.8320,-8.3750,-1.1250,0.4750,0.0050,-0.0263,0.2404,0.2419
13.8320,-4.6750,1.7250,0.1250,-0.0067,-0.0270,0.2518,0.2533
13.8320,-4.0250,2.8750,0.0250,-0.0489,-0.0652,0.1880,0.2049
13.8320,0.7750,1.8250,-0.0750,-0.1642,-0.2965,-0.0003,0.3389
13.8320,-4.6750,1.7250,0.2250,0.0072,-0.0009,0.2277,0.2278
13.8320,-4.3750,2.2250,0.1750,-0.0014,-0.0025,0.3045,0.3045
13.8320,-3.7250,3.3750,0.0750,-0.0418,-0.0364,0.2607,0.2665
13.8320,-3.4750,-4.4750,0.5750,0.0355,0.0113,-0.2033,0.2066
13.8320,-5.4750,-4.4250,0.6750,0.0173,0.0106,-0.2851,0.2858
13.8320,-4.3750,2.2250,0.2750,0.0154,0.0279,0.2665,0.2684
13.8320,-3.7250,3.3750,0.1750,-0.0020,0.0271,0.2439,0.2454
13.8320,-2.9250,4.5250,0.0750,-0.0515,-0.0374,0.2002,0.2101
13.8320,-3.7250,3.3750,0.2750,0.0291,0.0749,0.2134,0.2281
13.8320,-4.0750,-4.4750,0.4750,0.2048,0.0454,0.1450,0.2550
13.8320,-3.4250,3.8750,0.5250,-0.0299,-0.0647,-0.1948,0.2075
13.8320,-0.7750,-1.7750,-0.0750,-0.0925,-0.2922,-0.0007,0.3065
13.8320,-3.5250,3.6750,-0.0250,-0.0827,-0.1038,-0.1750,0.2196
13.8320,-0.5750,4.5750,0.1250,-0.0071,-0.0123,-0.2252,0.2257
13.8320,-1.7250,0.8750,-0.0750,0.2857,-0.1621,0.0002,0.3285
13.8320,-1.0750,1.6750,-0.0750,-0.1704,0.1426,0.0067,0.2223
13.8320,-1.4750,1.3250,-0.0750,-0.2884,0.1904,0.0063,0.3456
13.8320,-0.7250,1.8250,-0.0750,0.0391,-0.1966,0.0034,0.2005
13.8320,0.9250,2.6250,-0.0750,-0.0549,0.3061,-0.0014,0.3110
13.8320,-0.9250,1.7250,-0.0750,-0.2012,0.2931,0.0030,0.3555
13.8320,-0.4750,1.9250,-0.0750,-0.1128,0.3026,0.0009,0.3230
13.8320,-5.1250,-4.4250,0.5750,0.1934,0.0446,0.0734,0.2117
13.8320,-0.7250,-2.0750,-0.0750,0.0041,-0.3376,-0.0055,0.3377
13.8320,-1.9250,-0.6750,-0.0750,0.1976,0.0463,-0.0030,0.2030
13.8320,-1.9250,-0.1250,-0.0750,0.2225,0.0069,0.0020,0.2226
13.8320,-1.9750,0.1250,-0.0750,0.3008,-0.0301,0.0018,0.3023
13.8320,-2.0250,0.3250,-0.0750,0.3301,-0.0808,0.0068,0.3399
13.8320,-1.9750,-0.0250,-0.0750,-0.3763,-0.0222,0.0046,0.3770
13.8320,-1.9250,0.1750,-0.0750,-0.2664,0.0155,0.0007,0.2669
13.8320,-1.6250,1.2750,-0.0750,0.1159,-0.1695,0.0082,0.2055
13.8320,-1.9250,0.4750,-0.0750,-0.2310,0.0343,0.0063,0.2336
13.8320,-1.3250,1.6250,-0.0750,-0.1900,0.0983,0.0059,0.2140
13.8320,-2.5250,0.7250,-0.0750,0.2353,-0.1235,0.0044,0.2658
13.8320,-8.3750,1.0750,-0.0250,-0.0113,-0.0477,0.2018,0.2077
14.8320,-0.3750,4.5750,0.0750,-0.0632,-0.0030,0.2240,0.2327
14.8320,0.9250,-0.7750,0.0750,-0.0094,-0.0082,-0.2368,0.2372
14.8320,-0.1250,-4.4250,0.0750,0.0612,-0.0058,0.3094,0.3155
14.8320,-0.6250,-4.4250,0.0750,0.0615,-0.0056,-0.2635,0.2706
14.8320,-1.3250,-4.4250,0.0750,0.0542,-0.0214,0.2512,0.2579
14.8320,0.9250,2.6250,0.1750,0.0775,0.3109,-0.0043,0.3205
14.8320,0.9250,2.0750,0.1250,0.0710,0.1415,-0.1381,0.2101
14.8320,0.9250,1.4750,0.1250,-0.0068,-0.0520,-0.3455,0.3494
14.8320,0.9250,1.2250,0.1250,-0.0066,-0.0415,-0.3045,0.3074
14.8320,0.9250,1.1250,0.1250,-0.0063,-0.0371,-0.2847,0.2872
14.8320,0.9250,1.0750,0.1250,-0.0064,-0.0337,-0.2695,0.2716
14.8320,0.9250,-2.4750,0.0250,-0.0582,-0.1163,0.1621,0.2078
14.8320,0.9250,-2.7750,0.0250,-0.0582,-0.1477,0.2892,0.3299
14.8320,-4.1250,2.6750,0.1750,-0.0009,-0.0030,-0.2847,0.2847
14.8320,0.9250,2.3250,0.1750,0.0763,0.2568,0.1034,0.2872
14.8320,0.9250,1.5750,0.1750,0.0114,0.0183,0.3251,0.3258
14.8320,0.9250,1.3750,0.1750,0.0004,-0.0359,-0.2564,0.2589
14.8320,0.3250,4.5750,0.3750,-0.2198,-0.0064,-0.0782,0.2334
14.8320,0.9250,2.3250,0.2250,0.0111,0.0425,0.4016,0.4040
14.8320,0.9250,1.5750,0.2250,0.0148,0.0587,0.2030,0.2118
14.8320,0.9250,-2.2250,-0.0250,0.0601,0.2715,0.2587,0.3798
14.8320,0.9250,-2.4750,-0.0250,0.0636,0.2672,-0.1682,0.3221
14.8320,-0.7250,4.5750,0.3750,-0.2384,0.0109,0.0321,0.2408
14.8320,-0.3750,4.5750,0.3750,-0.2314,0.0105,0.3533,0.4224
14.8320,0.3250,4.5750,0.4250,-0.2034,-0.0049,-0.0603,0.2122
14.8320,0.4750,4.5750,0.4250,-0.2051,-0.0054,0.0611,0.2141
14.8320,0.6750,4.5750,0.4250,-0.2065,-0.0059,0.1833,0.2762
14.8320,0.9250,2.6750,0.3250,0.0120,0.0599,-0.2098,0.2186
14.8320,-0.0250,4.5750,0.4250,-0.2277,0.0021,0.1217,0.2582
14.8320,0.9250,-1.0250,0.1250,-0.0117,-0.0024,-0.2655,0.2658
14.8320,0.9250,-1.0750,0.1250,-0.0119,-0.0022,-0.2776,0.2778
14.8320,0.9250,-1.6750,0.1250,-0.0676,0.1118,-0.1951,0.2349
14.8320,0.9250,2.3750,0.2750,0.0096,-0.0032,-0.2889,0.2891
14.8320,0.9250,-1.2750,0.1750,-0.0139,0.0187,-0.2626,0.2637
14.8320,0.9250,-1.6750,0.1750,-0.0124,0.0010,-0.3409,0.3411
14.8320,0.9250,-2.2250,0.1750,-0.0655,0.2993,0.0562,0.3115
14.8320,0.9250,-1.8250,0.2250,-0.0032,-0.0170,0.2695,0.2701
14.8320,0.3750,-4.4250,0.1250,-0.0095,-0.0028,-0.2501,0.2503
14.8320,-1.3250,-4.4250,-0.0250,0.1455,-0.0197,0.2549,0.2942
14.8320,0.6750,4.5750,0.0250,-0.1159,0.0061,-0.3071,0.3283
14.8320,-0.6250,-4.4250,0.1750,0.0416,0.0064,0.2661,0.2694
14.8320,0.9250,1.3250,0.1250,0.0592,0.0442,-0.2155,0.2278
14.8320,0.7250,-4.4250,0.4250,0.2315,-0.0090,0.0055,0.2317
14.8320,-1.3250,-4.4250,0.1750,-0.0351,-0.0219,0.2355,0.2392
14.8320,0.9250,1.0250,0.1250,0.0110,0.0076,0.2672,0.2675
14.8320,0.9250,2.0750,0.0250,-0.0656,0.1192,-0.1854,0.2300
14.8320,0.9250,1.8750,0.0250,-0.0124,-0.0246,-0.3838,0.3848
14.8320,-0.4750,-4.4250,0.4250,0.0456,-0.0050,0.4518,0.4541
14.8320,-0.6250,-4.4250,0.3750,0.1989,0.0137,-0.3141,0.3720
14.8320,-0.9750,-4.4250,0.3750,0.2075,0.0148,0.0007,0.2080
14.8320,0.9250,2.0750,-0.0250,-0.0122,0.0198,-0.3419,0.3427
14.8320,0.9250,1.3250,0.0250,-0.0121,-0.0018,-0.2814,0.2817
14.8320,-0.6250,-4.4250,0.4250,0.1842,0.0105,-0.2389,0.3018
14.8320,0.9250,1.0250,0.0250,-0.0128,0.0061,-0.2173,0.2178
14.8320,-1.3250,-4.4250,0.4250,0.1933,0.0207,-0.1947,0.2752
14.8320,0.9250,1.7250,-0.0250,-0.0128,0.0312,-0.2404,0.2427
14.8320,0.9250,0.8750,0.0250,-0.0129,0.0027,-0.2122,0.2126
14.8320,0.9250,-3.1750,0.3750,-0.0136,0.2264,-0.0946,0.2457
14.8320,0.9250,-3.7250,0.4250,-0.0102,0.2613,0.1172,0.2866
14.8320,-0.4250,-4.4250,0.4750,0.0503,0.0047,-0.2173,0.2230
14.8320,-2.0750,-4.4250,0.4750,0.0131,0.0104,-0.3916,0.3920
14.8320,0.8750,-1.9750,0.2250,-0.0140,0.0462,-0.3071,0.3109
14.8320,0.5750,-4.4250,0.3750,0.2241,-0.0034,-0.3635,0.4271
14.8320,0.2250,-4.4250,0.4250,0.2058,-0.0020,-0.0366,0.2091
14.8320,-0.2750,-4.4250,0.4250,0.2037,-0.0010,0.3166,0.3764
14.8320,-0.7750,-4.4250,0.4250,0.1881,0.0110,-0.1211,0.2240
14.8320,-1.1250,-4.4250,0.4250,0.1956,0.0119,0.1196,0.2295
14.8320,-1.8750,-4.4250,0.4250,0.2130,0.0224,0.2486,0.3281
14.8320,-4.7750,1.5750,0.1750,0.0033,-0.0228,-0.2231,0.2243
14.8320,0.8750,-1.3750,0.1250,-0.0099,-0.0203,-0.3278,0.3286
14.8320,0.9250,-1.7750,0.1750,-0.0124,0.0024,-0.3550,0.3553
14.8320,-0.2750,-4.4250,0.3250,0.1988,0.0061,-0.1106,0.2276
14.8320,-1.0750,4.5750,-0.0250,-0.1716,-0.0215,-0.3032,0.3491
14.8320,0.9250,2.6250,-0.0250,-0.0646,0.1918,0.0074,0.2025
14.8320,0.9250,1.9250,0.0250,0.0010,0.0343,-0.2082,0.2110
14.8320,-1.1250,-4.4250,0.2250,0.0905,0.0161,0.2065,0.2261
14.8320,0.1250,4.5750,0.1250,0.0100,-0.0067,-0.2854,0.2857
14.8320,-1.1250,-4.4250,0.1250,0.0084,-0.0140,-0.2014,0.2021
14.8320,-3.4250,3.8750,0.3750,0.0507,0.1039,-0.2657,0.2898
14.8320,0.8750,-1.9750,-0.0250,0.0054,-0.0396,-0.3390,0.3413
14.8320,-3.3250,4.0750,0.4250,-0.0913,-0.1936,-0.1002,0.2363
14.8320,0.9250,1.3250,0.1750,0.0128,0.0298,0.2585,0.2605
14.8320,-4.1250,2.6750,0.2750,0.0166,0.0271,-0.2505,0.2525
14.8320,0.9250,2.0750,0.2750,0.0150,0.0978,0.2088,0.2310
14.8320,0.9250,-0.7250,0.0750,0.0109,-0.0140,0.2342,0.2349
14.8320,0.9250,-1.3750,0.0250,0.0102,-0.0129,0.2880,0.2884
14.8320,0.9250,-1.4750,0.0250,0.0100,-0.0117,0.3010,0.3014
14.8320,-2.2750,4.5750,0.2250,0.1131,-0.0254,0.2253,0.2533
14.8320,0.9250,-1.9750,0.0250,0.0075,-0.0443,0.3970,0.3995
14.8320,0.5750,-4.4250,-0.0250,0.1692,0.0111,-0.1957,0.2590
14.8320,0.9250,-1.9750,0.2250,-0.0032,-0.0221,0.3017,0.3025
14.8320,-1.8750,-4.4250,0.1250,0.0050,-0.0291,0.3196,0.3210
14.8320,0.2250,-4.4250,0.3750,0.2224,-0.0027,-0.0486,0.2277
14.8320,0.8750,-4.4250,0.4750,0.0001,0.3067,0.1730,0.3521
14.8320,-0.1750,1.9750,-0.0750,-0.0062,-0.4120,0.0008,0.4121
14.8320,0.5250,1.9250,-0.0750,0.0695,0.3957,-0.0002,0.4018
14.8320,0.9250,-3.1250,0.3250,-0.0153,0.1256,-0.3946,0.4144
14.8320,0.5750,-4.4250,0.4250,0.2074,-0.0026,-0.2739,0.3435
14.8320,-1.4750,-4.4250,0.4750,0.0374,0.0079,-0.2511,0.2540
14.8320,0.9250,-2.4750,0.2250,-0.0130,0.0118,-0.4318,0.4321
14.8320,0.9250,-1.4750,0.1250,-0.0100,-0.0232,-0.3482,0.3491
14.8320,-7.0250,-4.4750,0.7250,0.1827,0.0389,0.2252,0.2926
14.8320,-8.3750,-3.6750,0.7750,0.0049,0.0010,0.2403,0.2403
14.8320,-0.7750,-4.4250,0.2250,0.0859,0.0156,-0.1860,0.2055
14.8320,-2.5250,-4.4250,0.3250,0.1738,0.0352,0.2836,0.3345
14.8320,-4.0250,2.8750,0.4750,-0.0213,-0.0483,-0.4024,0.4059
14.8320,-2.5250,-4.4250,0.1250,0.0009,-0.0289,-0.2996,0.3009
14.8320,-3.3250,4.0750,0.4750,-0.0875,-0.1766,-0.0755,0.2110
14.8320,-3.2250,-4.4250,0.0750,0.0428,-0.0339,-0.2550,0.2608
14.8320,-2.9250,4.5250,0.5250,-0.0935,0.0039,-0.3048,0.3188
14.8320,-1.4250,4.5750,0.4750,-0.0626,0.0061,0.2286,0.2371
14.8320,0.8750,1.7250,0.1750,0.0110,0.0215,0.3358,0.3367
14.8320,-2.4750,4.5750,0.5250,-0.0884,0.0039,-0.2143,0.2319
14.8320,-1.4750,4.5750,0.4750,-0.0724,0.0014,-0.2598,0.2697
14.8320,-3.7250,3.3750,0.3750,0.0460,0.0978,0.1731,0.2041
14.8320,-0.2750,-2.6250,-0.0750,0.1931,0.1864,-0.0209,0.2692
14.8320,-2.4750,4.5250,0.0750,-0.0505,-0.0378,-0.2521,0.2598
14.8320,-1.2750,4.5750,-0.0250,-0.1743,-0.0213,-0.1021,0.2032
14.8320,-4.9250,1.2250,-0.0250,-0.0141,-0.0588,0.1939,0.2031
14.8320,-8.3750,-1.1250,0.4750,0.0050,-0.0263,0.2404,0.2419
14.8320,-4.6750,1.7250,0.1250,-0.0067,-0.0270,0.2518,0.2533
14.8320,-4.0250,2.8750,0.0250,-0.0489,-0.0652,0.1880,0.2049
14.8320,0.7750,1.8250,-0.0750,-0.1642,-0.2965,-0.0003,0.3389
14.8320,-4.6750,1.7250,0.2250,0.0072,-0.0009,0.2277,0.2278
14.8320,-4.3750,2.2250,0.1750,-0.0014,-0.0025,0.3045,0.3045
14.8320,-3.7250,3.3750,0.0750,-0.0419,-0.0363,0.2607,0.2665
14.8320,-3.4750,-4.4750,0.5750,0.0355,0.0113,-0.2033,0.2067
14.8320,-4.3750,2.2250,0.2750,0.0154,0.0279,0.2665,0.2684
14.8320,-3.7250,3.3750,0.1750,-0.0020,0.0271,0.2439,0.2454
14.8320,-2.9250,4.5250,0.0750,-0.0515,-0.0374,0.2002,0.2101
14.8320,-4.0750,-4.4750,0.4750,0.2048,0.0454,0.1450,0.2550
14.8320,-3.4250,3.8750,0.5250,-0.0299,-0.0647,-0.1948,0.2075
14.8320,-0.7750,-1.7750,-0.0750,-0.0925,-0.2922,-0.0007,0.3065
14.8320,-3.5250,3.6750,-0.0250,-0.0827,-0.1038,-0.1750,0.2196
14.8320,-0.5750,4.5750,0.1250,-0.0071,-0.0123,-0.2252,0.2257
14.8320,-1.7250,0.8750,-0.0750,0.2857,-0.1621,0.0002,0.3285
14.8320,-1.0750,1.6750,-0.0750,-0.1704,0.1426,0.0067,0.2223
14.8320,-1.4750,1.3250,-0.0750,-0.2884,0.1904,0.0063,0.3457
14.8320,-0.7250,1.8250,-0.0750,0.0391,-0.1967,0.0034,0.2005
14.8320,-0.9250,1.7250,-0.0750,-0.2012,0.2931,0.0030,0.3555
14.8320,-0.4750,1.9250,-0.0750,-0.1128,0.3026,0.0009,0.3230
14.8320,-5.1250,-4.4250,0.5750,0.1934,0.0446,0.0734,0.2117
14.8320,-0.7250,-2.0750,-0.0750,0.0039,-0.3381,-0.0055,0.3381
14.8320,-1.9250,-0.6750,-0.0750,0.1976,0.0463,-0.0030,0.2030
14.8320,-1.9250,-0.1250,-0.0750,0.2225,0.0069,0.0020,0.2226
14.8320,-1.9750,0.1250,-0.0750,0.3008,-0.0301,0.0018,0.3023
14.8320,-2.0250,0.3250,-0.0750,0.3301,-0.0808,0.0068,0.3399
14.8320,-1.9750,-2.9250,-0.0750,0.0137,-0.2137,-0.0179,0.2149
14.8320,-1.9750,-0.0250,-0.0750,-0.3764,-0.0222,0.0046,0.3770
14.8320,-1.9250,0.1750,-0.0750,-0.2665,0.0155,0.0007,0.2670
14.8320,-1.6250,1.2750,-0.0750,0.1159,-0.1695,0.0082,0.2055
14.8320,-1.9250,0.4750,-0.0750,-0.2310,0.0343,0.0063,0.2336
14.8320,-1.3250,1.6250,-0.0750,-0.1900,0.0983,0.0059,0.2140
14.8320,-2.5250,0.7250,-0.0750,0.2353,-0.1235,0.0044,0.2658
14.8320,-8.3750,1.0750,-0.0250,-0.0113,-0.0477,0.2018,0.2077
